edge,edge num (treat),total num (treat),node num (source) (treat),node num (target) (treat),RR (treat),Correlation (treat),edge num (control),total num (control),node num (source) (control),node num (target) (control),RR (control),Correlation (control),source,target,p_value,source (int),target (int),Diff_RR,Diff_Corr
"['ICD9 401', 'ICD9 272']",1013,50296,11223,2995,1.5157832480014732,0.0695579201441706,2443.0,100592.0,22348.0,7669.0,1.4338691124028844,0.0666132004784347,ICD9 401,ICD9 272,4.2830930691604133e-07,401,272,1.0571280425040448,0.0029447196657358954
"['ICD9 250', 'ICD9 272']",506,50296,6364,2995,1.33523272078228,0.0321058558951824,1204.0,100592.0,12914.0,7669.0,1.2228984937881993,0.0245753643397715,ICD9 250,ICD9 272,0.001052520231107,250,272,1.0918589953006652,0.0075304915554109016
"['ICD9 780', 'ICD9 272']",259,50296,6468,2995,0.6724598717920922,-0.0316618980391716,683.0,100592.0,13383.0,7669.0,0.6694095917924144,-0.0372043817592652,ICD9 780,ICD9 272,0.0001576778350003,780,272,1.0045566720839931,0.005542483720093604
"['ICD9 272', 'ICD9 786']",230,50296,6921,1407,1.18795047817038,0.0127364849674968,387.0,100592.0,13579.0,2880.0,0.9954378083805876,-0.0003094123454622,ICD9 272,ICD9 786,0.0413933554488945,272,786,1.1933949747227088,0.013045897312959001
"['ICD9 401', 'ICD9 079']",205,50296,11223,879,1.0451761005581643,0.0032290970164963,101.0,100592.0,22348.0,523.0,0.8692495313998866,-0.005051706700125,ICD9 401,ICD9 079,1.5347721867408325e-35,401,079,1.2023890296207076,0.0082808037166213
"['ICD9 780', 'ICD9 079']",154,50296,6468,879,1.362370659298987,0.0185660046299304,90.0,100592.0,13383.0,523.0,1.2934533966138655,0.0083106748447518,ICD9 780,ICD9 079,1.0356907986795593e-22,780,079,1.0532815970529283,0.0102553297851786
"['ICD9 250', 'ICD9 079']",142,50296,6364,879,1.2767408252764234,0.0140476629620655,63.0,100592.0,12914.0,523.0,0.9382995791248532,-0.0017118837313166,ICD9 250,ICD9 079,2.0449822469848928e-27,250,079,1.3606963635934193,0.015759546693382098
"['ICD9 486', 'ICD9 519']",134,50296,2595,804,3.230314707771355,0.0663027603969847,58.0,100592.0,5424.0,334.0,3.220514722766856,0.030597203938987,ICD9 486,ICD9 519,1.8056487957852556e-26,486,519,1.0030429871769317,0.035705556457997695
"['ICD9 486', 'ICD9 079']",130,50296,2595,879,2.8664908669643423,0.0580613403874552,63.0,100592.0,5424.0,523.0,2.2339971911538266,0.0212975479563429,ICD9 486,ICD9 079,2.3491128086723967e-23,486,079,1.283121965557997,0.0367637924311123
"['ICD9 272', 'ICD9 079']",124,50296,6921,879,1.0251735867113314,0.0013411150238781,63.0,100592.0,13579.0,523.0,0.8923485355930743,-0.0030744174006744,ICD9 272,ICD9 079,2.2138899728246004e-21,272,079,1.1488488475301624,0.004415532424552501
"['ICD9 272', 'ICD9 519']",121,50296,6921,804,1.0936891902286,0.0047699594630485,37.0,100592.0,13579.0,334.0,0.8206366558436261,-0.0040896790856291,ICD9 272,ICD9 519,2.251421967868322e-30,272,519,1.332732558850021,0.0088596385486776
"['ICD9 599', 'ICD9 272']",105,50296,3542,2995,0.4978257570258732,-0.0347802402720454,265.0,100592.0,7375.0,7669.0,0.4713120619885031,-0.0427209214183841,ICD9 599,ICD9 272,0.0489399006793654,599,272,1.0562550742399985,0.007940681146338703
"['ICD9 038', 'ICD9 079']",102,50296,2868,879,2.0350055454800766,0.0339446311397069,50.0,100592.0,5873.0,523.0,1.6374639883916382,0.0114754088690736,ICD9 038,ICD9 079,2.1168853905973508e-18,038,079,1.2427788091260037,0.0224692222706333
"['ICD9 038', 'ICD9 519']",100,50296,2868,804,2.1812138748378054,0.0370221153662203,39.0,100592.0,5873.0,334.0,1.9999612557619308,0.0143717064036649,ICD9 038,ICD9 519,1.0630391360765998e-21,038,519,1.0906280651956042,0.0226504089625554
"['ICD9 276', 'ICD9 079']",94,50296,2500,879,2.1514557451649603,0.0351218778617888,49.0,100592.0,5201.0,523.0,1.812053351999156,0.0137080397141315,ICD9 276,ICD9 079,4.139803318859481e-16,276,079,1.1873026491142533,0.0214138381476573
"['ICD9 401', 'ICD9 719']",92,50296,11223,350,1.1779972250862387,0.00798570017367,240.0,100592.0,22348.0,938.0,1.151683603003164,0.0078647785148629,ICD9 401,ICD9 719,0.0342309289834014,401,719,1.0228479610324037,0.00012092165880710042
"['ICD9 585', 'ICD9 519']",76,50296,2127,804,2.235236604939571,0.0330834357423885,15.0,100592.0,4317.0,334.0,1.0464685639145614,0.0005679462374068,ICD9 585,ICD9 519,9.474674636177e-24,585,519,2.135980651514407,0.0325154895049817
"['ICD9 585', 'ICD9 079']",75,50296,2127,879,2.017615221810912,0.0285193598856363,20.0,100592.0,4317.0,523.0,0.8910656477946808,-0.0016676318470838,ICD9 585,ICD9 079,1.1066389404515391e-20,585,079,2.264272252896692,0.030186991732720103
"['ICD9 788', 'ICD9 519']",71,50296,2485,804,1.7873489694385216,0.0228784747871947,28.0,100592.0,4970.0,334.0,1.6967529729273847,0.0091683636007209,ICD9 788,ICD9 519,1.2681522252499832e-15,788,519,1.0533937455579245,0.0137101111864738
"['ICD9 427', 'ICD9 519']",70,50296,2579,804,1.6979468689896775,0.0206810217290282,27.0,100592.0,5389.0,334.0,1.5089420342836315,0.0069889319398784,ICD9 427,ICD9 519,1.167711747203379e-15,427,519,1.1252565243805246,0.013692089789149799
"['ICD9 427', 'ICD9 079']",69,50296,2579,879,1.5308841297590012,0.0164605786131706,37.0,100592.0,5389.0,523.0,1.3205513532807251,0.005513500953804,ICD9 427,ICD9 079,8.138400713130253e-12,427,079,1.1592764839896106,0.0109470776593666
"['ICD9 788', 'ICD9 079']",68,50296,2485,879,1.5657668422365822,0.0172025577025319,29.0,100592.0,4970.0,523.0,1.1222855296213226,0.0020154657215206,ICD9 788,ICD9 079,3.5392459615714393e-14,788,079,1.3951590757522263,0.015187091981011301
"['ICD9 535', 'ICD9 079']",64,50296,3761,879,0.973691127943546,-0.0009975169537208,35.0,100592.0,7550.0,523.0,0.8916262520101806,-0.0022318197421076,ICD9 535,ICD9 079,7.781951691831457e-11,535,079,1.0920395465570347,0.0012343027883868001
"['ICD9 285', 'ICD9 519']",63,50296,1865,804,2.11319274938978,0.0278425232549413,18.0,100592.0,3751.0,334.0,1.4452481334318832,0.0050577775204966,ICD9 285,ICD9 519,5.777635413699272e-17,285,519,1.4621660464433863,0.0227847457344447
"['ICD9 285', 'ICD9 079']",62,50296,1865,879,1.9022054674608917,0.0236123604178483,27.0,100592.0,3751.0,523.0,1.384453756882167,0.0054700220003607,ICD9 285,ICD9 079,8.059493669383175e-13,285,079,1.3739754455538606,0.0181423384174876
"['ICD9 535', 'ICD9 519']",61,50296,3761,804,1.0146211246347363,0.0005297892100736,17.0,100592.0,7550.0,334.0,0.6781393504381965,-0.0052919478481668,ICD9 535,ICD9 519,1.14421107876973e-16,535,519,1.4961838211852974,0.0058217370582404
"['ICD9 366', 'ICD9 585']",58,50296,1975,586,2.520558171685316,0.0333768663140343,74.0,100592.0,3924.0,1296.0,1.4637306351543524,0.0106739593330098,ICD9 366,ICD9 585,0.0126421585721872,366,585,1.722009576864202,0.022702906981024496
"['ICD9 428', 'ICD9 519']",54,50296,1689,804,2.0000530208637097,0.0237601383086211,17.0,100592.0,3558.0,334.0,1.4389972163598603,0.0048519518912035,ICD9 428,ICD9 519,5.803496877158106e-14,428,519,1.3898935996020316,0.0189081864174176
"['ICD9 569', 'ICD9 079']",53,50296,2959,879,1.024885801824787,0.0008298125611998,17.0,100592.0,5981.0,523.0,0.5466846415817073,-0.0082398173061593,ICD9 569,ICD9 079,1.3948893915002881e-13,569,079,1.8747294580281493,0.009069629867359099
"['ICD9 569', 'ICD9 519']",53,50296,2959,804,1.120490820651726,0.0038396054700075,15.0,100592.0,5981.0,334.0,0.7553259973949442,-0.0035507298112424,ICD9 569,ICD9 519,1.6376012224654545e-14,569,519,1.483453269867851,0.0073903352812499
"['ICD9 790', 'ICD9 079']",52,50296,2782,879,1.0695246297300458,0.0022436892125675,20.0,100592.0,5500.0,523.0,0.6994055275508431,-0.0052262647782216,ICD9 790,ICD9 079,6.128033285210327e-12,790,079,1.5291909880599235,0.0074699539907891
"['ICD9 428', 'ICD9 079']",52,50296,1689,879,1.761644475967429,0.0189353772409552,16.0,100592.0,3558.0,523.0,0.8649197080448874,-0.0018699675050344,ICD9 428,ICD9 079,1.1802062104366704e-13,428,079,2.036772268664739,0.0208053447459896
"['ICD9 790', 'ICD9 519']",51,50296,2782,804,1.1468073006641846,0.0045276822611612,14.0,100592.0,5500.0,334.0,0.7666238432226457,-0.0032395116979254,ICD9 790,ICD9 519,3.2441382119500786e-14,790,519,1.4959191666194038,0.0077671939590866
"['ICD9 569', 'ICD9 037']",49,50296,2959,481,1.7315677390026831,0.017972940373575,61.0,100592.0,5981.0,1042.0,0.9845816935972228,-0.000396612122284,ICD9 569,ICD9 037,0.0166529211184872,569,037,1.758683662577867,0.018369552495859
"['ICD9 414', 'ICD9 079']",48,50296,2351,879,1.1682429813469832,0.0049687581446196,17.0,100592.0,4761.0,523.0,0.6867718633270723,-0.0050472859748785,ICD9 414,ICD9 079,1.0559363038261138e-11,414,079,1.7010641287594688,0.0100160441194981
"['ICD9 414', 'ICD9 519']",48,50296,2351,804,1.2772208713980078,0.0078242208338821,14.0,100592.0,4761.0,334.0,0.8856188064953898,-0.001471514071915,ICD9 414,ICD9 519,4.808679784829244e-13,414,519,1.4421790301092217,0.0092957349057971
"['ICD9 274', 'ICD9 519']",48,50296,1289,804,2.3295161122239847,0.027482201968326,7.0,100592.0,2617.0,334.0,0.8055848562714083,-0.0018339522798934,ICD9 274,ICD9 519,7.16256655318337e-17,274,519,2.8917079238628975,0.0293161542482194
"['ICD9 274', 'ICD9 079']",48,50296,1289,879,2.130751938826034,0.0244580027822593,8.0,100592.0,2617.0,523.0,0.5879603212120194,-0.0048683784314806,ICD9 274,ICD9 079,2.958686022035195e-16,274,079,3.6239723361496727,0.0293263812137399
"['ICD9 854', 'ICD9 250']",47,50296,959,1880,1.3111574556830032,0.0085484547589502,58.0,100592.0,1949.0,4179.0,0.7163202462015666,-0.0083017473503063,ICD9 854,ICD9 250,0.0172397178865421,854,250,1.8304068084570855,0.0168502021092565
"['ICD9 079', 'ICD9 486']",43,50296,696,1914,1.6234941567878547,0.0146901160767722,22.0,100592.0,1384.0,3874.0,0.4127531699398092,-0.0138816641670342,ICD9 079,ICD9 486,4.186611472678076e-08,079,486,3.9333293479601985,0.0285717802438064
"['ICD9 366', 'ICD9 079']",42,50296,1975,879,1.216821186330842,0.0058461985212252,16.0,100592.0,3924.0,523.0,0.7842467689153184,-0.0031425450013518,ICD9 366,ICD9 079,6.593060451339195e-10,366,079,1.551579470341729,0.008988743522577
"['ICD9 519', 'ICD9 486']",42,50296,338,1914,3.2653076366604217,0.037060568373223,48.0,100592.0,656.0,3874.0,1.8999458554213835,0.0145926267477336,ICD9 519,ICD9 486,0.0101041236940356,519,486,1.7186319427698735,0.0224679416254894
"['ICD9 401', 'ICD9 198']",41,50296,11223,228,0.8058857827987951,-0.0070203820866965,120.0,100592.0,22348.0,703.0,0.7683351490874595,-0.0103865851278485,ICD9 401,ICD9 198,0.041835627781195,401,198,1.0488727266427078,0.0033662030411519992
"['ICD9 366', 'ICD9 519']",41,50296,1975,804,1.298656086655331,0.0076956885944454,14.0,100592.0,3924.0,334.0,1.0745237354038102,0.0008666254981587,ICD9 366,ICD9 519,2.2726987659715718e-10,366,519,1.2085876224663301,0.0068290630962867
"['ICD9 496', 'ICD9 519']",40,50296,820,804,3.0515714112365004,0.0336633084557895,14.0,100592.0,1683.0,334.0,2.505306677198188,0.0113334688558997,ICD9 496,ICD9 519,5.379087829961511e-10,496,519,1.2180430599615166,0.0223298395998898
"['ICD9 039', 'ICD9 519']",40,50296,893,804,2.8021148457042893,0.0308810497420163,6.0,100592.0,1769.0,334.0,1.0215047575848868,0.0001660669333263,ICD9 039,ICD9 519,4.03689760431235e-14,039,519,2.7431246158160296,0.03071498280869
"['ICD9 496', 'ICD9 079']",39,50296,820,879,2.721418463331391,0.029556454868999,11.0,100592.0,1683.0,523.0,1.257101438408378,0.0024245420649743,ICD9 496,ICD9 079,5.7120336930254004e-11,496,079,2.164836010988096,0.027131912804024702
"['ICD9 569', 'ICD9 154']",39,50296,2959,82,8.084240720744484,0.0715747672097043,50.0,100592.0,5981.0,172.0,4.889125642052546,0.040468972084733,ICD9 569,ICD9 154,0.0469395734450924,569,154,1.6535146184851508,0.031105795124971296
"['ICD9 039', 'ICD9 079']",39,50296,893,879,2.4989508845820163,0.0268777382488442,8.0,100592.0,1769.0,523.0,0.8698090223922299,-0.001259264186585,ICD9 039,ICD9 079,1.5907778214460385e-12,039,079,2.872988001100711,0.0281370024354292
"['ICD9 079', 'ICD9 786']",37,50296,696,1407,1.9003422950926807,0.0180930967523632,37.0,100592.0,1384.0,2880.0,0.9337628452151574,-0.0013431318861436,ICD9 079,ICD9 786,0.0035138401413645,079,786,2.0351444746709797,0.0194362286385068
"['ICD9 600', 'ICD9 519']",37,50296,1178,804,1.96487004704829,0.0190450297179814,10.0,100592.0,2329.0,334.0,1.2931457822868646,0.0026048762718994,ICD9 600,ICD9 519,1.1379494523391681e-10,600,519,1.5194497588458389,0.016440153446082
"['ICD9 079', 'ICD9 599']",37,50296,696,1528,1.7498570740807606,0.0157230385393262,25.0,100592.0,1384.0,2982.0,0.6093400479950997,-0.0080649235209236,ICD9 079,ICD9 599,1.985612104206631e-05,079,599,2.8717250406210506,0.0237879620602498
"['ICD9 600', 'ICD9 079']",36,50296,1178,879,1.7486455321392769,0.0154626809192688,9.0,100592.0,2329.0,523.0,0.7432497555553184,-0.002857601498499,ICD9 600,ICD9 079,8.95380344040838e-11,600,079,2.352702465179794,0.0183202824177678
"['ICD9 682', 'ICD9 079']",36,50296,1292,879,1.5943532793034585,0.0128711219049977,20.0,100592.0,2626.0,523.0,1.4648630622732812,0.0055021924445552,ICD9 682,ICD9 079,1.817839979325128e-06,682,079,1.0883974894071156,0.007368929460442499
"['ICD9 437', 'ICD9 079']",35,50296,1137,879,1.7613763141332548,0.0154430943106952,14.0,100592.0,2324.0,523.0,1.1586537354004929,0.0017638569860669,ICD9 437,ICD9 079,3.666088833653461e-08,437,079,1.5201921508710527,0.0136792373246283
"['ICD9 786', 'ICD9 496']",34,50296,3234,226,2.339720119745404,0.0235946924877605,42.0,100592.0,6647.0,385.0,1.65092112641383,0.0107321245921314,ICD9 786,ICD9 496,0.0468434334320486,786,496,1.4172210182007905,0.012862567895629099
"['ICD9 041', 'ICD9 535']",34,50296,897,1910,0.9981287246026604,-5.009930181794219e-05,38.0,100592.0,1805.0,4099.0,0.516644624491211,-0.0134662388180801,ICD9 041,ICD9 535,0.0175220182011433,041,535,1.9319444687644096,0.013416139516262159
"['ICD9 791', 'ICD9 276']",34,50296,547,1261,2.479190799211908,0.0248731125873814,42.0,100592.0,1059.0,2699.0,1.4781342790898315,0.0081891709489605,ICD9 791,ICD9 276,0.0468434334320486,791,276,1.6772432885721873,0.0166839416384209
"['ICD9 518', 'ICD9 519']",30,50296,928,804,2.0223237261966034,0.017864883305796,11.0,100592.0,1973.0,334.0,1.6791232537459293,0.0055442851907581,ICD9 518,ICD9 519,1.552596724238834e-07,518,519,1.2043926624713426,0.012320598115037901
"['ICD9 079', 'ICD9 038']",30,50296,696,1187,1.826395142782442,0.0152193586536804,30.0,100592.0,1384.0,2727.0,0.7995828484582562,-0.0039514678423225,ICD9 079,ICD9 038,0.0092627930689155,079,038,2.2841849925921625,0.0191708264960029
"['ICD9 518', 'ICD9 079']",30,50296,928,879,1.8497705072378487,0.0155385011627535,9.0,100592.0,1973.0,523.0,0.8773586825587109,-0.0012540680893736,ICD9 518,ICD9 079,2.0765966851315458e-08,518,079,2.1083401167732405,0.0167925692521271
"['ICD9 996', 'ICD9 519']",30,50296,802,804,2.340045408865895,0.0217415721241236,9.0,100592.0,1517.0,334.0,1.7867916112402749,0.0056193254526274,ICD9 996,ICD9 519,2.0765966851315458e-08,996,519,1.3096353229695248,0.016122246671496202
"['ICD9 724', 'ICD9 519']",30,50296,1296,804,1.448083655795099,0.0092880401902379,12.0,100592.0,2635.0,334.0,1.371568816825552,0.0035174306716383,ICD9 724,ICD9 519,3.889818784552922e-07,724,519,1.055786365241693,0.005770609518599599
"['ICD9 366', 'ICD9 251']",28,50296,1975,262,2.7215924243888296,0.0251862766710797,24.0,100592.0,3924.0,486.0,1.265929197971332,0.0037331654417774,ICD9 366,ICD9 251,0.0027780468117902,366,251,2.1498772828292583,0.0214531112293023
"['ICD9 996', 'ICD9 079']",28,50296,802,879,1.9976906425631031,0.016938036142903,11.0,100592.0,1517.0,523.0,1.3946616485440344,0.0035305042614769,ICD9 996,ICD9 079,8.391207311296449e-07,996,079,1.4323837216349962,0.013407531881426099
"['ICD9 724', 'ICD9 079']",28,50296,1296,879,1.2362252278824142,0.0051237388533043,14.0,100592.0,2635.0,523.0,1.021901814448101,0.0002596891061496,ICD9 724,ICD9 079,9.891697425460867e-06,724,079,1.2097299470498182,0.0048640497471547
"['ICD9 434', 'ICD9 079']",28,50296,665,879,2.409244955391893,0.0217558996924092,13.0,100592.0,1372.0,523.0,1.8224305838150607,0.0069916191133456,ICD9 434,ICD9 079,4.571888401071849e-06,434,079,1.3219954585860823,0.0147642805790636
"['ICD9 519', 'ICD9 599']",28,50296,338,1528,2.7267883143839646,0.0251413812462077,24.0,100592.0,656.0,2982.0,1.2341365264759288,0.0033156354372245,ICD9 519,ICD9 599,0.0027780468117902,519,599,2.2094705536107067,0.0218257458089832
"['ICD9 079', 'ICD9 276']",28,50296,696,1261,1.6046013472248808,0.01148516782433,16.0,100592.0,1384.0,2699.0,0.430868208520818,-0.0111617725118646,ICD9 079,ICD9 276,4.048183348544794e-05,079,276,3.7241117248671465,0.022646940336194597
"['ICD9 519', 'ICD9 038']",27,50296,338,1187,3.384774903665449,0.0304963620669757,20.0,100592.0,656.0,2727.0,1.1246165266933197,0.001685370739308,ICD9 519,ICD9 038,0.0008004438665169,519,038,3.0097147101489012,0.0288109913276677
"['ICD9 519', 'ICD9 786']",27,50296,338,1407,2.85552793933965,0.0258919522871713,29.0,100592.0,656.0,2880.0,1.5440633468834688,0.0075676789576293,ICD9 519,ICD9 786,0.0263541140727157,519,786,1.8493593187761603,0.018324273329542
"['ICD9 719', 'ICD9 079']",26,50296,860,879,1.72989390692383,0.0128393651763488,12.0,100592.0,1753.0,523.0,1.3166219286467666,0.0030483781577181,ICD9 719,ICD9 079,1.0016863007295736e-05,719,079,1.3138881172227073,0.0097909870186307
"['ICD9 584', 'ICD9 519']",26,50296,647,804,2.5138911316677817,0.022026832773676,8.0,100592.0,1339.0,334.0,1.7993944895869205,0.0053591181578752,ICD9 584,ICD9 519,2.5435904747134577e-07,584,519,1.3970761532369065,0.0166677146158008
"['ICD9 564', 'ICD9 079']",25,50296,621,879,2.303525269346113,0.0194380442254648,14.0,100592.0,1280.0,523.0,2.10368068833652,0.0090583402333479,ICD9 564,ICD9 079,9.350302061575071e-05,564,079,1.0949975831016538,0.010379703992116901
"['ICD9 719', 'ICD9 519']",24,50296,860,804,1.7457827143353002,0.0125371955309296,9.0,100592.0,1753.0,334.0,1.5462423697954917,0.0041988067355402,ICD9 719,ICD9 519,3.903867931396566e-06,719,519,1.1290485556712562,0.008338388795389399
"['ICD9 719', 'ICD9 274']",24,50296,860,490,2.8645087802562887,0.0243921007166375,25.0,100592.0,1753.0,1035.0,1.3860573041108273,0.0052421909277793,ICD9 719,ICD9 274,0.0298420357706587,719,274,2.0666597057427625,0.0191499097888582
"['ICD9 783', 'ICD9 079']",24,50296,564,879,2.434875220874785,0.0203794272549184,15.0,100592.0,1260.0,523.0,2.2897204771009743,0.0105011616144653,ICD9 783,ICD9 079,0.0003609073817473,783,079,1.0633940890276667,0.009878265640453101
"['ICD9 584', 'ICD9 079']",24,50296,647,879,2.1225187396806477,0.0170901839257567,11.0,100592.0,1339.0,523.0,1.5800610312481704,0.0048707206485467,ICD9 584,ICD9 079,2.200076365232555e-05,584,079,1.343314402231642,0.012219463277209998
"['ICD9 379', 'ICD9 401']",23,50296,227,3005,1.695863721990515,0.0118109724061219,19.0,100592.0,460.0,7031.0,0.5909382671770359,-0.0076005049413683,ICD9 379,ICD9 401,0.0053914375221789,379,401,2.8697815257282375,0.0194114773474902
"['ICD9 783', 'ICD9 519']",23,50296,564,804,2.55109205744328,0.0210532760880769,9.0,100592.0,1260.0,334.0,2.151240376390077,0.007483769631929,ICD9 783,ICD9 519,9.081100963372038e-06,783,519,1.1858702939204686,0.0135695064561479
"['ICD9 519', 'ICD9 276']",23,50296,338,1261,2.714122819777673,0.0226100862170277,19.0,100592.0,656.0,2699.0,1.079469360829214,0.0010690949588716,ICD9 519,ICD9 276,0.0053914375221789,519,276,2.5143120483686263,0.0215409912581561
"['ICD9 593', 'ICD9 519']",22,50296,888,804,1.5498408856617811,0.009395186346372,8.0,100592.0,1804.0,334.0,1.3355816084018215,0.0026174478424134,ICD9 593,ICD9 519,8.41384461180356e-06,593,519,1.1604239500694726,0.006777738503958601
"['ICD9 854', 'ICD9 707']",22,50296,959,317,3.639806186123163,0.0293110129078685,19.0,100592.0,1949.0,527.0,1.8607781151819207,0.0087806811721717,ICD9 854,ICD9 707,0.0094455184951589,854,707,1.95606674241615,0.0205303317356968
"['ICD9 155', 'ICD9 050']",22,50296,294,117,32.16791673934531,0.11540368645942,23.0,100592.0,626.0,257.0,14.380825698337912,0.0535900616802859,ICD9 155,ICD9 050,0.039803046307732,155,050,2.2368615971100443,0.061813624779134095
"['ICD9 280', 'ICD9 079']",22,50296,937,879,1.3434690386256818,0.0063114691371718,12.0,100592.0,1952.0,523.0,1.1823966398144374,0.0018549460062364,ICD9 280,ICD9 079,0.0002163780743796,280,079,1.1362253522950831,0.0044565231309354
"['ICD9 813', 'ICD9 486']",21,50296,272,1914,2.028812465425041,0.015089002135501,22.0,100592.0,531.0,3874.0,1.075801105831819,0.0011051380629869,ICD9 813,ICD9 486,0.0460220938216188,813,486,1.8858620375337363,0.0139838640725141
"['ICD9 533', 'ICD9 535']",21,50296,91,1910,6.07684252919855,0.0429435285591123,10.0,100592.0,185.0,4099.0,1.326519981801758,0.0028887149355649,ICD9 533,ICD9 535,0.00010710656731,533,535,4.581041079339508,0.0400548136235474
"['ICD9 366', 'ICD9 197']",21,50296,1975,388,1.378332245856714,0.0067440336930445,21.0,100592.0,3924.0,990.0,0.5437741327649585,-0.0091640321847983,ICD9 366,ICD9 197,0.0333436667949437,366,197,2.534751402844839,0.0159080658778428
"['ICD9 719', 'ICD9 785']",20,50296,860,601,1.946213674882947,0.0137245360610604,18.0,100592.0,1753.0,1383.0,0.7468473629959425,-0.0039805656988782,ICD9 719,ICD9 785,0.0186824439468387,719,785,2.605905532123464,0.0177051017599386
"['ICD9 458', 'ICD9 079']",20,50296,438,879,2.61276564797066,0.0201603070413834,9.0,100592.0,884.0,523.0,1.9581772405976656,0.0065224092531012,ICD9 458,ICD9 079,0.0001071020732399,458,079,1.334284554943149,0.0136378977882822
"['ICD9 593', 'ICD9 079']",20,50296,888,879,1.2887290020395823,0.005162433907909,8.0,100592.0,1804.0,523.0,0.8529335701839549,-0.0014367486052038,ICD9 593,ICD9 079,4.579493734008854e-05,593,079,1.5109371316709201,0.0065991825131128
"['ICD9 530', 'ICD9 519']",20,50296,1058,804,1.1825560289290786,0.0034107456525314,6.0,100592.0,2027.0,334.0,0.891485898454694,-0.0008981841877735,ICD9 530,ICD9 519,6.5649280173818364e-06,530,519,1.326499982757918,0.0043089298403049
"['ICD9 458', 'ICD9 519']",19,50296,438,804,2.7136690974351985,0.0204718511920485,6.0,100592.0,884.0,334.0,2.0441650635380824,0.005674714323455,ICD9 458,ICD9 519,1.6053841816384996e-05,458,519,1.327519555949325,0.014797136868593502
"['ICD9 280', 'ICD9 519']",18,50296,937,804,1.2017394351614394,0.0035427290786352,5.0,100592.0,1952.0,334.0,0.771448905467753,-0.0018557112274635,ICD9 280,ICD9 519,1.3084469160229448e-05,280,519,1.557769317765495,0.0053984403060987
"['ICD9 455', 'ICD9 428']",17,50296,1054,661,1.2272705090039528,0.0038370924647509,16.0,100592.0,2155.0,1248.0,0.5984413112023321,-0.0066593210250593,ICD9 455,ICD9 428,0.0422314926777103,455,428,2.050778390512908,0.0104964134898102
"['ICD9 278', 'ICD9 600']",17,50296,1414,504,1.1997822231202713,0.003418554796389,11.0,100592.0,2811.0,1195.0,0.3294028688847906,-0.0124670066461354,ICD9 278,ICD9 600,0.0040617608571336,278,600,3.6422943952558526,0.0158855614425244
"['ICD9 493', 'ICD9 519']",17,50296,554,804,1.919625698223683,0.0123698627750822,5.0,100592.0,1172.0,334.0,1.2848705319735956,0.0017852053020445,ICD9 493,ICD9 519,3.096568158714199e-05,493,519,1.4940226664511376,0.0105846574730377
"['ICD9 562', 'ICD9 037']",17,50296,825,481,2.154682794682795,0.0146523335055555,16.0,100592.0,1660.0,1042.0,0.930481233956941,-0.0009212997041435,ICD9 562,ICD9 037,0.0422314926777103,562,037,2.3156649656649657,0.015573633209699001
"['ICD9 311', 'ICD9 276']",17,50296,395,1261,1.716604262239131,0.0102241629799565,15.0,100592.0,737.0,2699.0,0.7585502042819015,-0.0034443026159732,ICD9 311,ICD9 276,0.0286891298997216,311,276,2.263006789200186,0.013668465595929699
"['ICD9 535', 'ICD9 424']",17,50296,3761,99,2.2963804489994333,0.0163671475026805,15.0,100592.0,7550.0,189.0,1.0574161673499425,0.0007096197816328,ICD9 535,ICD9 424,0.0286891298997216,535,424,2.171690314471489,0.015657527721047698
"['ICD9 412', 'ICD9 427']",17,50296,195,1045,4.195961231750705,0.0290433179845171,10.0,100592.0,379.0,2442.0,1.0868724325188706,0.000842688822559,ICD9 412,ICD9 427,0.0021976346091861,412,427,3.860582995951417,0.028200629161958098
"['ICD9 531', 'ICD9 519']",16,50296,540,804,1.8535470794177265,0.0113334505287781,2.0,100592.0,1103.0,334.0,0.5460990982676532,-0.0027585126756119,ICD9 531,ICD9 519,1.6728386314214215e-06,531,519,3.3941588354523686,0.01409196320439
"['ICD9 531', 'ICD9 079']",16,50296,540,879,1.6953945982387393,0.009661881624362,3.0,100592.0,1103.0,523.0,0.5231274344781918,-0.0036299749338181,ICD9 531,ICD9 079,7.282275657979879e-06,531,079,3.2408825966656836,0.0132918565581801
"['ICD9 493', 'ICD9 079']",16,50296,554,879,1.652550691424042,0.0091846743805356,9.0,100592.0,1172.0,523.0,1.4769869289149629,0.0037439881800807,ICD9 493,ICD9 079,0.0023594182212568,493,079,1.11886615857735,0.005440686200454899
"['ICD9 550', 'ICD9 276']",16,50296,355,1261,1.797670080754152,0.0107848302935238,15.0,100592.0,710.0,2699.0,0.787396479656002,-0.0029763337846551,ICD9 550,ICD9 276,0.0489870670727822,550,276,2.2830557758392804,0.0137611640781789
"['ICD9 791', 'ICD9 682']",16,50296,547,552,2.665182947831386,0.0183934258905463,12.0,100592.0,1059.0,1077.0,1.0583590447707802,0.0006262333404714,ICD9 791,ICD9 682,0.0134210796062827,791,682,2.5182219219457913,0.0177671925500749
"['ICD9 434', 'ICD9 093']",15,50296,665,341,3.3269684475117414,0.0222542269212175,13.0,100592.0,1372.0,872.0,1.093040361623024,0.0010230949514223,ICD9 434,ICD9 093,0.0383151908756448,434,093,3.043774561601387,0.0212311319697952
"['ICD9 575', 'ICD9 996']",15,50296,278,324,8.375965893951506,0.0442779266205418,11.0,100592.0,550.0,664.0,3.0298795180722893,0.0122687654974005,ICD9 575,ICD9 996,0.0152233128963211,575,996,2.764455102584599,0.0320091611231413
"['ICD9 079', 'ICD9 518']",15,50296,696,538,2.0148057941289577,0.0124998960014203,11.0,100592.0,1384.0,1317.0,0.6070636979296966,-0.0053455179362386,ICD9 079,ICD9 518,0.0152233128963211,079,518,3.318936383447343,0.0178454139376589
"['ICD9 733', 'ICD9 079']",15,50296,738,879,1.1629993433040131,0.002652854304712,8.0,100592.0,1478.0,523.0,1.0410637081271006,0.0003625174731183,ICD9 733,ICD9 079,0.0025045557142576,733,079,1.1171260070109232,0.0022903368315937
"['ICD9 519', 'ICD9 788']",15,50296,338,1050,2.125781910397295,0.0135213253651566,11.0,100592.0,656.0,2328.0,0.7245515882993881,-0.0034349900188528,ICD9 519,ICD9 788,0.0152233128963211,519,788,2.9339276108506875,0.0169563153840094
"['ICD9 574', 'ICD9 519']",15,50296,672,804,1.396366382373845,0.0058789001987411,3.0,100592.0,1397.0,334.0,0.6467580229662364,-0.0024195763671027,ICD9 574,ICD9 519,1.850416187892765e-05,574,519,2.1590244462212747,0.0082984765658438
"['ICD9 574', 'ICD9 079']",15,50296,672,879,1.2772224930928002,0.0043025256337064,3.0,100592.0,1397.0,523.0,0.413034760364671,-0.0050357801263657,ICD9 574,ICD9 079,1.850416187892765e-05,574,079,3.0922881453491526,0.0093383057600721
"['ICD9 079', 'ICD9 799']",15,50296,696,490,2.212174524982407,0.0142424971788733,7.0,100592.0,1384.0,1175.0,0.4329996310416923,-0.0072805911886611,ICD9 079,ICD9 799,0.00118909412323,079,799,5.108952447974263,0.0215230883675344
"['ICD9 079', 'ICD9 788']",15,50296,696,1050,1.0323481116584563,0.0005595280770405,10.0,100592.0,1384.0,2328.0,0.3122082513954273,-0.0125039125514058,ICD9 079,ICD9 788,0.0088833278532919,079,788,3.306600985221675,0.013063440628446301
"['ICD9 281', 'ICD9 079']",14,50296,164,879,4.884597241876856,0.029632388242265,5.0,100592.0,349.0,523.0,2.755537536912348,0.0074885351088911,ICD9 281,ICD9 079,0.0003804863197039,281,079,1.7726476872277253,0.0221438531333739
"['ICD9 281', 'ICD9 519']",14,50296,164,804,5.340249969663875,0.0316402330358513,3.0,100592.0,349.0,334.0,2.588885266715852,0.0054111794764298,ICD9 281,ICD9 519,4.656334101016348e-05,281,519,2.0627603850665372,0.026229053559421497
"['ICD9 379', 'ICD9 250']",14,50296,227,1880,1.6499765676258318,0.0086240376014358,12.0,100592.0,460.0,4179.0,0.6279347045787946,-0.005250250447516,ICD9 379,ICD9 250,0.0443295259617868,379,250,2.6276244259068324,0.0138742880489518
"['ICD9 813', 'ICD9 788']",14,50296,272,1050,2.4654901960784312,0.0157792853791756,9.0,100592.0,531.0,2328.0,0.7323664744597822,-0.0030008868799643,ICD9 813,ICD9 788,0.0098677099670327,813,788,3.366470588235294,0.018780172259139902
"['ICD9 403', 'ICD9 079']",14,50296,261,879,3.069248841639097,0.0199320639324817,6.0,100592.0,538.0,523.0,2.14501695252582,0.0060699748429001,ICD9 403,ICD9 079,0.0011888181120641,403,079,1.4308739322665804,0.0138620890895816
"['ICD9 403', 'ICD9 519']",14,50296,261,804,3.355559367911401,0.0216839240887651,5.0,100592.0,538.0,334.0,2.7990116421432227,0.0076141529906893,ICD9 403,ICD9 519,0.0003804863197039,403,519,1.1988372314671851,0.0140697710980758
"['ICD9 079', 'ICD9 428']",14,50296,696,661,1.5305614968612518,0.0072528087890108,6.0,100592.0,1384.0,1248.0,0.3494330813694976,-0.0086123792285178,ICD9 079,ICD9 428,0.0011888181120641,079,428,4.38012763663554,0.0158651880175286
"['ICD9 519', 'ICD9 428']",14,50296,338,661,3.151688762767548,0.0204240561939641,12.0,100592.0,656.0,1248.0,1.474437148217636,0.0043083015839237,ICD9 519,ICD9 428,0.0443295259617868,519,428,2.1375538228790876,0.016115754610040403
"['ICD9 511', 'ICD9 519']",14,50296,440,804,1.9904568068747173,0.011859426440385,1.0,100592.0,899.0,334.0,0.3350096247993446,-0.0036448242159627,ICD9 511,ICD9 519,2.158019504544388e-06,511,519,5.941491406603347,0.0155042506563477
"['ICD9 511', 'ICD9 079']",14,50296,440,879,1.820622608335919,0.0102817573260207,4.0,100592.0,899.0,523.0,0.8557798446117101,-0.0009900896872788,ICD9 511,ICD9 079,0.000144770467972,511,079,2.1274427293411935,0.0112718470132995
"['ICD9 573', 'ICD9 519']",13,50296,686,804,1.1854865613622847,0.0027800359800276,5.0,100592.0,1384.0,334.0,1.0880551036655013,0.0006002925389152,ICD9 573,ICD9 519,0.0015283129498138,573,519,1.0895464369116517,0.0021797434411124
"['ICD9 573', 'ICD9 079']",13,50296,686,879,1.0843358308706224,0.0013226526957103,6.0,100592.0,1384.0,523.0,0.8338288442622045,-0.0014188987390611,ICD9 573,ICD9 079,0.0026884258494859,573,079,1.3004297444640136,0.0027415514347714
"['ICD9 037', 'ICD9 294']",13,50296,991,577,1.1434767325338795,0.0021912883884479,10.0,100592.0,2029.0,1105.0,0.4486618243612416,-0.0083368138223373,ICD9 037,ICD9 294,0.03251095486151,037,294,2.548638351751553,0.0105281022107852
"['ICD9 362', 'ICD9 578']",13,50296,1132,275,2.1003790555734017,0.0123803261501495,8.0,100592.0,2265.0,607.0,0.5853242705594408,-0.0049038056095434,ICD9 362,ICD9 578,0.0108908244912343,362,578,3.5884024654673943,0.0172841317596929
"['ICD9 560', 'ICD9 079']",13,50296,382,879,1.9472627748095468,0.0110521612893968,5.0,100592.0,754.0,523.0,1.275441114565529,0.0017304839207288,ICD9 560,ICD9 079,0.0015283129498138,560,079,1.5267367129472453,0.009321677368668
"['ICD9 571', 'ICD9 519']",13,50296,877,804,0.9273019168694724,-0.0012343442607949,3.0,100592.0,1766.0,334.0,0.511620021565024,-0.0037681771107498,ICD9 571,ICD9 519,0.0001158961289697,571,519,1.8124816812932676,0.0025338328499549
"['ICD9 332', 'ICD9 519']",13,50296,264,804,3.0804688677823004,0.0192619288849038,5.0,100592.0,589.0,334.0,2.556652399784472,0.0068953528296182,ICD9 332,ICD9 519,0.0015283129498138,332,519,1.2048837253128297,0.0123665760552856
"['ICD9 692', 'ICD9 079']",13,50296,351,879,2.119243247798424,0.0125137732616645,7.0,100592.0,717.0,523.0,1.8777623996309245,0.0053766184670648,ICD9 692,ICD9 079,0.0056544158688569,692,079,1.1286003214330858,0.0071371547945997
"['ICD9 692', 'ICD9 519']",13,50296,351,804,2.3169338492721576,0.0140712290426362,4.0,100592.0,717.0,334.0,1.6801877416714688,0.0033263940678628,ICD9 692,ICD9 519,0.0003412276898281,692,519,1.378973189607518,0.0107448349747734
"['ICD9 332', 'ICD9 079']",13,50296,264,879,2.817630227186541,0.0176092077431439,6.0,100592.0,589.0,523.0,1.9592854337162835,0.0053223085409957,ICD9 332,ICD9 079,0.0026884258494859,332,079,1.4380907338458533,0.012286899202148198
"['ICD9 490', 'ICD9 428']",12,50296,171,661,5.339703267245269,0.0292507909551907,9.0,100592.0,363.0,1248.0,1.998410680228862,0.006734452644391,ICD9 490,ICD9 428,0.0372293346932515,490,428,2.671974944926613,0.0225163383107997
"['ICD9 218', 'ICD9 780']",12,50296,285,2414,0.877268564950072,-0.0020803095592243,7.0,100592.0,548.0,5146.0,0.2496957455439842,-0.0128940155375817,ICD9 218,ICD9 780,0.0119170762343604,218,780,3.513350069456991,0.0108137059783574
"['ICD9 079', 'ICD9 482']",12,50296,696,184,4.712893553223388,0.0266510499620032,6.0,100592.0,1384.0,520.0,0.8386393952867941,-0.0013738445417663,ICD9 079,ICD9 482,0.0059565436610469,079,482,5.619690154922539,0.0280248945037695
"['ICD9 560', 'ICD9 519']",12,50296,382,804,1.965148081581621,0.010761553476505,3.0,100592.0,754.0,334.0,1.1983036579361173,0.0009946772318062,ICD9 560,ICD9 519,0.0002849172055063,560,519,1.6399416529915867,0.0097668762446988
"['ICD9 410', 'ICD9 562']",12,50296,659,423,2.165154597014604,0.0123640551837704,9.0,100592.0,1311.0,1078.0,0.6405964091482235,-0.0042985103334587,ICD9 410,ICD9 562,0.0372293346932515,410,562,3.379904361146088,0.0166625655172291
"['ICD9 241', 'ICD9 789']",12,50296,272,1178,1.8836512533706185,0.0100908662496704,9.0,100592.0,557.0,2640.0,0.6156683531907948,-0.0047081800811792,ICD9 241,ICD9 789,0.0372293346932515,241,789,3.059522620593229,0.0147990463308496
"['ICD9 793', 'ICD9 079']",12,50296,602,879,1.1405893891805472,0.0020637403760329,6.0,100592.0,1228.0,523.0,0.9397549840870448,-0.0004841799912643,ICD9 793,ICD9 079,0.0059565436610469,793,079,1.2137093268929129,0.0025479203672972
"['ICD9 790', 'ICD9 386']",12,50296,2782,78,2.78139689210861,0.0169881486151479,8.0,100592.0,5500.0,164.0,0.8921685144124168,-0.0010479714697724,ICD9 790,ICD9 386,0.0218593341062023,790,386,3.117568987446773,0.0180361200849203
"['ICD9 197', 'ICD9 079']",12,50296,891,879,0.7706339082903361,-0.0041080797298765,3.0,100592.0,1926.0,523.0,0.2995895951347069,-0.0070745371908804,ICD9 197,ICD9 079,0.0002849172055063,197,079,2.572298640558026,0.0029664574610038996
"['ICD9 162', 'ICD9 519']",12,50296,765,804,0.9812896302799728,-0.0002963705601873,4.0,100592.0,1697.0,334.0,0.7098966474828775,-0.0021934120064662,ICD9 162,ICD9 519,0.0007919804351125,162,519,1.3822992878743539,0.0018970414462789
"['ICD9 536', 'ICD9 079']",12,50296,375,879,1.8310261660978384,0.0096060522204177,5.0,100592.0,744.0,523.0,1.292584140298937,0.001825864851621,ICD9 536,ICD9 079,0.0028882889050443,536,079,1.4165624573378839,0.0077801873687967
"['ICD9 578', 'ICD9 079']",12,50296,446,879,1.5395399378625323,0.0068063565336176,7.0,100592.0,944.0,523.0,1.4262241954823864,0.0029990994560889,ICD9 578,ICD9 079,0.0119170762343604,578,079,1.0794515636034483,0.0038072570775287
"['ICD9 266', 'ICD9 519']",12,50296,383,804,1.9600171466427652,0.0107184518740046,3.0,100592.0,771.0,334.0,1.1718819170996528,0.0008718868646011,ICD9 266,ICD9 519,0.0002849172055063,266,519,1.6725380928256888,0.0098465650094035
"['ICD9 285', 'ICD9 311']",12,50296,1865,170,1.9036492666771805,0.0103269134250487,9.0,100592.0,3751.0,462.0,0.5224165330803561,-0.0063845760281641,ICD9 285,ICD9 311,0.0372293346932515,285,311,3.6439299794985023,0.0167114894532128
"['ICD9 426', 'ICD9 294']",11,50296,207,577,4.632121836251141,0.0251536558253036,6.0,100592.0,452.0,1105.0,1.208409081808353,0.0014756386969399,ICD9 426,ICD9 294,0.0128872633210792,426,294,3.833239840699716,0.0236780171283637
"['ICD9 482', 'ICD9 079']",11,50296,232,879,2.7129967439488447,0.0155522778354009,6.0,100592.0,490.0,523.0,2.3551410621610023,0.006854286166415,ICD9 482,ICD9 079,0.0128872633210792,482,079,1.151946602068704,0.0086979916689859
"['ICD9 436', 'ICD9 079']",11,50296,358,879,1.7581431413299775,0.0085611755078515,5.0,100592.0,756.0,523.0,1.2720669317227635,0.0017115679081998,ICD9 436,ICD9 079,0.0055595994480184,436,079,1.3821152782809312,0.0068496075996517
"['ICD9 788', 'ICD9 281']",11,50296,2485,88,2.529979879275654,0.0146029257646066,7.0,100592.0,4970.0,157.0,0.90241320534673,-0.0008796251142792,ICD9 788,ICD9 281,0.0244404265622617,788,281,2.803571428571429,0.015482550878885799
"['ICD9 478', 'ICD9 788']",11,50296,256,1050,2.058244047619048,0.0110523934205751,6.0,100592.0,483.0,2328.0,0.5367654905978527,-0.00495258773443,ICD9 478,ICD9 788,0.0128872633210792,478,788,3.834531250000001,0.0160049811550051
"['ICD9 583', 'ICD9 455']",11,50296,505,528,2.074917491749175,0.0111503182182687,8.0,100592.0,1095.0,1266.0,0.5805045193216328,-0.0049683791737993,ICD9 583,ICD9 455,0.0425709200675818,583,455,3.574334777227723,0.016118697392067997
"['ICD9 351', 'ICD9 786']",11,50296,154,1407,2.5533556706264595,0.0146040029835132,4.0,100592.0,331.0,2880.0,0.4220879489761664,-0.0057007503717383,ICD9 351,ICD9 786,0.0018062884024677,351,786,6.049345111178801,0.0203047533552515
"['ICD9 266', 'ICD9 079']",11,50296,383,879,1.643381839676585,0.0075165335011515,3.0,100592.0,771.0,523.0,0.748391128702264,-0.0015986126486867,ICD9 266,ICD9 079,0.0006906161913762,266,079,2.195886317527929,0.0091151461498382
"['ICD9 162', 'ICD9 079']",11,50296,765,879,0.8227650256158587,-0.0029376350781832,1.0,100592.0,1697.0,523.0,0.1133391397032892,-0.008396771910132,ICD9 162,ICD9 079,4.701064144419472e-05,162,079,7.259319488128966,0.0054591368319488
"['ICD9 410', 'ICD9 519']",11,50296,659,804,1.0442023569557373,0.0006491512448257,3.0,100592.0,1311.0,334.0,0.6891845599419011,-0.0020615058618521,ICD9 410,ICD9 519,0.0006906161913762,410,519,1.5151273224167479,0.0027106571066778003
"['ICD9 410', 'ICD9 079']",11,50296,659,879,0.9551065927103672,-0.0006898882721998,4.0,100592.0,1311.0,523.0,0.5868391154126067,-0.0034323260581082,ICD9 410,ICD9 079,0.0018062884024677,410,079,1.627544189924749,0.0027424377859084
"['ICD9 788', 'ICD9 011']",11,50296,2485,89,2.501553139059073,0.0144129492175791,5.0,100592.0,4970.0,124.0,0.8161225417018239,-0.0014727354437142,ICD9 788,ICD9 011,0.0055595994480184,788,011,3.065168539325842,0.0158856846612933
