ID,Diff_RR,Diff_Corr,Frequency,RR_idx,Corr_idx,mean_idx,idx,ONTOLOGY,Description
GO:1903829,165.18092269040574,0.9463152385709432,52,0,0,0.0,0,BP,positive regulation of protein localization
GO:0042176,146.17160289015746,0.8291526752412096,44,1,1,1.0,1,BP,regulation of protein catabolic process
GO:0005788,121.54010780344112,0.8144987844849952,36,2,2,2.0,2,CC,endoplasmic reticulum lumen
GO:0045732,117.97424928737267,0.6389547219051718,33,3,6,4.5,3,BP,positive regulation of protein catabolic process
GO:0043123,106.5010997264745,0.6514314781283636,36,4,5,4.5,3,BP,positive regulation of canonical NF-kappaB signal transduction
GO:0007249,106.26375373970073,0.6531501002255868,37,5,4,4.5,3,BP,canonical NF-kappaB signal transduction
GO:0043122,104.21615967622988,0.6970391911523328,37,6,3,4.5,3,BP,regulation of canonical NF-kappaB signal transduction
GO:0034504,83.524545267193,0.4493243406854606,24,7,9,8.0,7,BP,protein localization to nucleus
GO:0072659,80.35964246215507,0.4877493266603737,24,9,7,8.0,7,BP,protein localization to plasma membrane
GO:0032386,73.81530983132058,0.481777627039651,25,10,8,9.0,9,BP,regulation of intracellular transport
GO:0030135,80.747080929338,0.3694551418947691,16,8,12,10.0,10,CC,coated vesicle
GO:0033157,70.03382251004072,0.3757219963805689,24,11,11,11.0,11,BP,regulation of intracellular protein transport
GO:1990778,66.32504733531385,0.441866982157052,22,12,10,11.0,11,BP,protein localization to cell periphery
GO:0034976,59.791520776640574,0.3405409277053274,15,13,16,14.5,13,BP,response to endoplasmic reticulum stress
GO:0050660,55.65845696573359,0.3319393550269094,15,16,17,16.5,14,MF,flavin adenine dinucleotide binding
GO:0019867,56.50171309422558,0.2660455263255199,15,14,20,17.0,15,CC,outer membrane
GO:0031968,56.50171309422558,0.2660455263255199,15,14,20,17.0,15,CC,organelle outer membrane
GO:0051169,49.521179729605734,0.3617987338783002,19,21,13,17.0,15,BP,nuclear transport
GO:0006913,49.521179729605734,0.3617987338783002,19,21,13,17.0,15,BP,nucleocytoplasmic transport
GO:0005635,55.47058441811853,0.2881030221232024,14,17,19,18.0,19,CC,nuclear envelope
GO:0072594,46.56486133110829,0.35026728877671,18,24,15,19.5,20,BP,establishment of protein localization to organelle
GO:0098978,49.562738755327985,0.2381390970757215,13,19,22,20.5,21,CC,glutamatergic synapse
GO:0030667,54.5360666047262,0.2025454048047256,11,18,25,21.5,22,CC,secretory granule membrane
GO:0005759,37.12890075082434,0.3239601502386701,12,26,18,22.0,23,CC,mitochondrial matrix
GO:0005741,49.52645991403952,0.2017944651153433,12,20,26,23.0,24,CC,mitochondrial outer membrane
GO:0031625,32.62427781590905,0.21386867341243598,11,30,23,26.5,25,MF,ubiquitin protein ligase binding
GO:0098791,47.20425059526176,0.1446516783099309,6,23,30,26.5,25,CC,Golgi apparatus subcompartment
GO:0044389,32.62427781590905,0.21386867341243598,11,30,23,26.5,25,MF,ubiquitin-like protein ligase binding
GO:0033116,33.80821610355521,0.17376707846741068,7,28,27,27.5,28,CC,endoplasmic reticulum-Golgi intermediate compartment membrane
GO:0005793,33.80821610355521,0.17376707846741068,7,28,27,27.5,28,CC,endoplasmic reticulum-Golgi intermediate compartment
GO:0030134,41.61370426242977,0.1062485497966208,5,25,37,31.0,30,CC,COPII-coated ER to Golgi transport vesicle
GO:0035966,22.57115938877069,0.1280402608725842,7,35,31,33.0,31,BP,response to topologically incorrect protein
GO:0031965,36.23916052431529,0.0985208387468037,7,27,40,33.5,32,CC,nuclear membrane
GO:0070918,22.352053239547363,0.10245939498404741,8,36,38,37.0,33,BP,regulatory ncRNA processing
GO:0006839,17.591886398024933,0.1207181971396406,9,42,33,37.5,34,BP,mitochondrial transport
GO:0030674,12.46583592828485,0.1272554445601197,5,45,32,38.5,35,MF,protein-macromolecule adaptor activity
GO:0042470,18.40421025672346,0.0977530667217541,4,37,41,39.0,36,CC,melanosome
GO:0051082,18.40421025672346,0.0977530667217541,4,37,41,39.0,36,MF,unfolded protein binding
GO:0048770,18.40421025672346,0.0977530667217541,4,37,41,39.0,36,CC,pigment granule
GO:0035251,18.40421025672346,0.0977530667217541,4,37,41,39.0,36,MF,UDP-glucosyltransferase activity
GO:0006457,18.40421025672346,0.0977530667217541,4,37,41,39.0,36,BP,protein folding
GO:0007030,10.330652570617696,0.1562042343720229,4,53,29,41.0,41,BP,Golgi organization
GO:0004222,11.472584906510475,0.1135559676948983,7,49,34,41.5,42,MF,metalloendopeptidase activity
GO:1990204,12.56847934838184,0.1024024057945232,5,44,39,41.5,42,CC,oxidoreductase complex
GO:0007040,11.002315764646326,0.10675242896364939,4,50,35,42.5,44,BP,lysosome organization
GO:0080171,11.002315764646326,0.10675242896364939,4,50,35,42.5,44,BP,lytic vacuole organization
GO:0005657,14.703056308496295,0.087365120994743,3,43,47,45.0,46,CC,replication fork
GO:0099072,24.780949746625335,0.0587124999846765,3,32,62,47.0,47,BP,regulation of postsynaptic membrane neurotransmitter receptor levels
GO:0046785,10.11856897707869,0.0895503884504338,4,55,46,50.5,48,BP,microtubule polymerization
GO:0051168,10.688335247169327,0.0727203601854021,5,52,50,51.0,49,BP,nuclear export
GO:0016661,11.84651916608871,0.0661063116585861,4,48,55,51.5,50,MF,"oxidoreductase activity, acting on other nitrogenous compounds as donors"
GO:0035967,10.263596535342769,0.0701466840522911,5,54,51,52.5,51,BP,cellular response to topologically incorrect protein
GO:0005811,7.391678256688566,0.0837526304845311,3,57,48,52.5,51,CC,lipid droplet
GO:0045296,12.307562853427918,0.0578935768202931,2,46,63,54.5,53,MF,cadherin binding
GO:0036464,12.307562853427918,0.0578935768202931,2,46,63,54.5,53,CC,cytoplasmic ribonucleoprotein granule
GO:0016485,5.755508611541862,0.0764894578276149,3,66,49,57.5,55,BP,protein processing
GO:0007006,8.742327798361048,0.06380613513043179,4,56,59,57.5,55,BP,mitochondrial membrane organization
GO:0042575,6.97525318018606,0.0642510612101766,3,60,56,58.0,57,CC,DNA polymerase complex
GO:0031970,6.97525318018606,0.0642510612101766,3,60,56,58.0,57,CC,organelle envelope lumen
GO:0009100,23.113879782138966,0.0418293246295333,2,33,87,60.0,59,BP,glycoprotein metabolic process
GO:0009101,23.113879782138966,0.0418293246295333,2,33,87,60.0,59,BP,glycoprotein biosynthetic process
GO:0043488,6.582912277469177,0.06414184029189329,3,63,58,60.5,61,BP,regulation of mRNA stability
GO:0010457,7.097958515261529,0.0503187119108522,4,59,68,63.5,62,BP,centriole-centriole cohesion
GO:0003924,7.38628128124851,0.04857826077521,2,58,69,63.5,62,MF,GTPase activity
GO:1903828,6.786631961503095,0.052891551404037,3,62,67,64.5,64,BP,negative regulation of protein localization
GO:0072655,5.09696125443382,0.0598439975394386,4,69,60,64.5,64,BP,establishment of protein localization to mitochondrion
GO:0070585,5.09696125443382,0.0598439975394386,4,69,60,64.5,64,BP,protein localization to mitochondrion
GO:1902117,5.667807179449962,0.055669572356897595,2,67,66,66.5,67,BP,positive regulation of organelle assembly
GO:0005743,5.125610306197633,0.057294636748004196,2,68,65,66.5,67,CC,mitochondrial inner membrane
GO:0042157,2.558700388001198,0.0694415476120673,2,83,52,67.5,69,BP,lipoprotein metabolic process
GO:0090205,2.558700388001198,0.0694415476120673,2,83,52,67.5,69,BP,positive regulation of cholesterol metabolic process
GO:0140272,2.558700388001198,0.0694415476120673,2,83,52,67.5,69,MF,exogenous protein binding
GO:0060590,3.9874424360295877,0.0460262293464834,2,74,70,72.0,72,MF,ATPase regulator activity
GO:0051018,3.9874424360295877,0.0460262293464834,2,74,70,72.0,72,MF,protein kinase A binding
GO:0003925,6.096647403295543,0.039859489901461,2,64,90,77.0,74,MF,G protein activity
GO:0030139,6.04084099431887,0.0371282474414322,2,65,92,78.5,75,CC,endocytic vesicle
GO:0034237,4.058990005078114,0.0386186265418802,2,73,91,82.0,76,MF,protein kinase A regulatory subunit binding
GO:0097066,3.4290360459788847,0.041873308421342,2,78,86,82.0,76,BP,response to thyroid hormone
GO:0045019,1.2950308533930237,0.0438931405830701,1,93,72,82.5,78,BP,negative regulation of nitric oxide biosynthetic process
GO:0042579,1.2950308533930237,0.0438931405830701,1,93,72,82.5,78,CC,microbody
GO:0046479,1.2950308533930237,0.0438931405830701,1,93,72,82.5,78,BP,glycosphingolipid catabolic process
GO:0061136,1.2950308533930237,0.0438931405830701,1,93,72,82.5,78,BP,regulation of proteasomal protein catabolic process
GO:1904406,1.2950308533930237,0.0438931405830701,1,93,72,82.5,78,BP,negative regulation of nitric oxide metabolic process
GO:0035578,1.2950308533930237,0.0438931405830701,1,93,72,82.5,78,CC,azurophil granule lumen
GO:0005777,1.2950308533930237,0.0438931405830701,1,93,72,82.5,78,CC,peroxisome
GO:0034377,1.2950308533930237,0.0438931405830701,1,93,72,82.5,78,BP,plasma lipoprotein particle assembly
GO:0016050,1.2950308533930237,0.0438931405830701,1,93,72,82.5,78,BP,vesicle organization
GO:0016236,1.2950308533930237,0.0438931405830701,1,93,72,82.5,78,BP,macroautophagy
GO:0030136,1.2950308533930237,0.0438931405830701,1,93,72,82.5,78,CC,clathrin-coated vesicle
GO:0006111,3.1337484333458514,0.0400278104001843,1,79,89,84.0,89,BP,regulation of gluconeogenesis
GO:0009152,2.414732258703818,0.0421124328829788,2,86,83,84.5,90,BP,purine ribonucleotide biosynthetic process
GO:0046390,2.414732258703818,0.0421124328829788,2,86,83,84.5,90,BP,ribose phosphate biosynthetic process
GO:0009260,2.414732258703818,0.0421124328829788,2,86,83,84.5,90,BP,ribonucleotide biosynthetic process
GO:0006605,5.016266879838238,0.0226164714987674,2,71,106,88.5,93,BP,protein targeting
GO:0140534,5.016266879838238,0.0226164714987674,2,71,106,88.5,93,CC,endoplasmic reticulum protein-containing complex
GO:0016486,2.37301490912355,0.0308239237948391,1,89,93,91.0,95,BP,peptide hormone processing
GO:0051170,3.9684992729210817,0.0194443501949122,1,76,110,93.0,96,BP,import into nucleus
GO:0006606,3.9684992729210817,0.0194443501949122,1,76,110,93.0,96,BP,protein import into nucleus
GO:0043487,2.5954698414395896,0.0181156109454099,1,80,112,96.0,98,BP,regulation of RNA stability
GO:0006402,2.5954698414395896,0.0181156109454099,1,80,112,96.0,98,BP,mRNA catabolic process
GO:0061013,2.5954698414395896,0.0181156109454099,1,80,112,96.0,98,BP,regulation of mRNA catabolic process
GO:0009408,1.884405289093642,0.0241163619388582,1,90,105,97.5,101,BP,response to heat
GO:0019693,1.263669534608174,0.0255484070289972,1,104,94,99.0,102,BP,ribose phosphate metabolic process
GO:0002221,1.263669534608174,0.0255484070289972,1,104,94,99.0,102,BP,pattern recognition receptor signaling pathway
GO:0002758,1.263669534608174,0.0255484070289972,1,104,94,99.0,102,BP,innate immune response-activating signaling pathway
GO:0004862,1.263669534608174,0.0255484070289972,1,104,94,99.0,102,MF,cAMP-dependent protein kinase inhibitor activity
GO:0034655,1.263669534608174,0.0255484070289972,1,104,94,99.0,102,BP,nucleobase-containing compound catabolic process
GO:0009150,1.263669534608174,0.0255484070289972,1,104,94,99.0,102,BP,purine ribonucleotide metabolic process
GO:0045824,1.263669534608174,0.0255484070289972,1,104,94,99.0,102,BP,negative regulation of innate immune response
GO:0009259,1.263669534608174,0.0255484070289972,1,104,94,99.0,102,BP,ribonucleotide metabolic process
GO:0040015,1.263669534608174,0.0255484070289972,1,104,94,99.0,102,BP,negative regulation of multicellular organism growth
GO:0048640,1.263669534608174,0.0255484070289972,1,104,94,99.0,102,BP,negative regulation of developmental growth
GO:0002218,1.263669534608174,0.0255484070289972,1,104,94,99.0,102,BP,activation of innate immune response
GO:0003081,1.5712252765703023,0.0209512260907773,1,91,109,100.0,113,BP,regulation of systemic arterial blood pressure by renin-angiotensin
GO:1902911,1.5212687369817215,0.0063405489218593,1,92,129,110.5,114,CC,protein kinase complex
GO:0009898,1.2561613046416034,0.0219169088315629,1,115,108,111.5,115,CC,cytoplasmic side of plasma membrane
GO:0008237,1.2007224495783495,0.0170655291625504,1,116,115,115.5,116,MF,metallopeptidase activity
GO:1903076,1.1510627240956437,0.0165640258539816,1,118,116,117.0,117,BP,regulation of protein localization to plasma membrane
GO:1904375,1.1510627240956437,0.0165640258539816,1,118,116,117.0,117,BP,regulation of protein localization to cell periphery
GO:0034033,1.1510627240956437,0.0165640258539816,1,118,116,117.0,117,BP,purine nucleoside bisphosphate biosynthetic process
GO:0042060,1.1510627240956437,0.0165640258539816,1,118,116,117.0,117,BP,wound healing
GO:0034032,1.1510627240956437,0.0165640258539816,1,118,116,117.0,117,BP,purine nucleoside bisphosphate metabolic process
GO:0034030,1.1510627240956437,0.0165640258539816,1,118,116,117.0,117,BP,ribonucleoside bisphosphate biosynthetic process
GO:0033875,1.1510627240956437,0.0165640258539816,1,118,116,117.0,117,BP,ribonucleoside bisphosphate metabolic process
GO:0033866,1.1510627240956437,0.0165640258539816,1,118,116,117.0,117,BP,nucleoside bisphosphate biosynthetic process
GO:0033865,1.1510627240956437,0.0165640258539816,1,118,116,117.0,117,BP,nucleoside bisphosphate metabolic process
GO:0010821,1.1510627240956437,0.0165640258539816,1,118,116,117.0,117,BP,regulation of mitochondrion organization
GO:0072593,1.1510627240956437,0.0165640258539816,1,118,116,117.0,117,BP,reactive oxygen species metabolic process
GO:2000377,1.1510627240956437,0.0165640258539816,1,118,116,117.0,117,BP,regulation of reactive oxygen species metabolic process
GO:0034620,1.1609602587482808,0.0113910157346005,1,117,128,122.5,129,BP,cellular response to unfolded protein
