ICDID,geneID
011,"[1154, 3431, 3458, 3459, 6347, 6556, 7097, 30835, 114609, 345611]"
027,[]
030,[5071]
031,"[1154, 3431, 3458, 3459, 6347, 6556, 7097, 30835, 114609, 345611]"
032,[]
041,[5803]
042,[]
045,[]
046,"[216, 3119, 3822, 5621, 7280, 8360, 22926, 79644, 79974, 151507, 319101, 692157, 780851]"
055,[]
061,[]
074,[]
078,"[399, 3574, 10519, 11322, 147138]"
079,[]
084,[]
085,[]
094,"[3329, 3798, 5354, 6683, 6687, 26278, 51062, 57679, 123606]"
112,[]
117,[1910]
120,[]
135,[]
142,[]
143,"[7030, 79058]"
147,[]
150,"[1630, 1956, 6049, 7048, 11178, 49860, 51741]"
151,"[70, 123, 153, 154, 174, 186, 191, 196, 207, 208, 213, 220, 226, 229, 238, 240, 242, 301, 308, 324, 328, 329, 332, 335, 356, 361, 369, 374, 383, 387, 467, 472, 501, 545, 558, 595, 598, 627, 637, 645, 650, 655, 664, 673, 675, 688, 759, 760, 768, 814, 822, 841, 843, 847, 857, 864, 894, 902, 928, 931, 960, 972, 999, 1000, 1012, 1019, 1026, 1027, 1029, 1030, 1032, 1075, 1113, 1152, 1182, 1201, 1294, 1316, 1365, 1387, 1432, 1440, 1454, 1469, 1474, 1495, 1496, 1499, 1514, 1540, 1548, 1553, 1571, 1612, 1636, 1642, 1645, 1647, 1674, 1728, 1786, 1789, 1798, 1806, 1839, 1845, 1869, 1870, 1871, 1875, 1876, 1890, 1892, 1893, 1915, 1917, 1956, 1967, 2023, 2026, 2033, 2042, 2044, 2046, 2064, 2067, 2068, 2074, 2081, 2091, 2149, 2182, 2194, 2203, 2254, 2260, 2261, 2263, 2264, 2266, 2272, 2286, 2305, 2309, 2321, 2475, 2520, 2534, 2547, 2597, 2618, 2696, 2729, 2737, 2791, 2810, 2898, 2909, 2946, 2950, 2956, 2986, 3028, 3070, 3091, 3098, 3099, 3148, 3162, 3178, 3191, 3199, 3265, 3280, 3312, 3315, 3329, 3350, 3384, 3400, 3420, 3486, 3490, 3553, 3557, 3569, 3570, 3576, 3586, 3604, 3615, 3621, 3645, 3646, 3654, 3656, 3659, 3678, 3688, 3691, 3725, 3726, 3761, 3791, 3799, 3814, 3815, 3838, 3843, 3845, 3856, 3918, 3921, 3939, 3956, 3958, 3992, 4000, 4001, 4074, 4089, 4139, 4193, 4233, 4291, 4292, 4297, 4312, 4316, 4318, 4319, 4320, 4342, 4437, 4487, 4502, 4504, 4524, 4582, 4588, 4595, 4599, 4609, 4691, 4695, 4719, 4723, 4736, 4750, 4751, 4780, 4826, 4846, 4853, 4854, 4869, 4893, 4907, 4915, 4916, 4921, 4968, 5002, 5021, 5036, 5052, 5054, 5055, 5071, 5080, 5092, 5160, 5223, 5243, 5245, 5265, 5290, 5325, 5328, 5468, 5478, 5480, 5518, 5524, 5530, 5550, 5562, 5564, 5579, 5591, 5594, 5595, 5599, 5604, 5605, 5610, 5621, 5655, 5728, 5743, 5744, 5792, 5793, 5829, 5832, 5885, 5886, 5894, 5915, 5918, 5921, 5925, 5947, 5950, 5979, 5984, 5997, 6009, 6016, 6095, 6098, 6137, 6138, 6141, 6157, 6173, 6182, 6194, 6209, 6223, 6227, 6231, 6236, 6240, 6241, 6257, 6304, 6385, 6440, 6470, 6472, 6506, 6565, 6573, 6597, 6599, 6615, 6628, 6637, 6648, 6654, 6657, 6700, 6721, 6723, 6774, 6794, 6795, 6855, 6926, 7015, 7018, 7022, 7039, 7056, 7078, 7080, 7083, 7124, 7153, 7157, 7158, 7167, 7170, 7262, 7270, 7273, 7291, 7298, 7345, 7371, 7372, 7409, 7422, 7508, 7515, 7517, 7520, 7730, 8000, 8048, 8125, 8148, 8189, 8190, 8202, 8260, 8289, 8314, 8347, 8408, 8434, 8516, 8530, 8611, 8626, 8644, 8660, 8671, 8711, 8743, 8744, 8761, 8801, 8802, 8857, 8890, 8893, 8991, 9064, 9113, 9123, 9136, 9180, 9212, 9235, 9277, 9304, 9497, 9510, 9582, 9625, 9725, 9748, 9788, 9805, 9817, 10087, 10110, 10131, 10148, 10171, 10179, 10188, 10232, 10330, 10360, 10395, 10397, 10452, 10468, 10476, 10528, 10550, 10568, 10574, 10769, 10922, 10961, 11051, 11186, 11197, 11200, 22948, 23028, 23201, 23212, 23246, 23521, 23532, 23556, 23603, 25824, 25865, 25878, 26135, 26137, 26227, 26519, 26524, 26585, 26750, 27034, 27102, 27131, 27145, 27330, 27339, 27347, 27436, 28969, 28973, 28998, 29098, 29108, 29777, 29894, 29968, 30834, 50813, 51035, 51042, 51082, 51196, 51280, 51292, 51303, 51347, 51501, 51592, 51594, 51602, 51614, 51728, 51741, 53635, 54433, 54458, 54474, 54739, 54894, 55342, 55379, 55681, 55739, 55743, 55783, 55829, 56287, 56342, 56915, 57099, 57144, 57610, 58499, 58508, 59082, 59340, 60487, 63826, 64841, 64963, 64969, 65084, 65125, 79187, 79633, 79711, 79733, 79852, 79887, 80324, 80328, 81037, 81605, 83743, 83998, 84364, 84444, 84527, 84634, 84654, 84700, 84790, 84981, 85481, 90338, 90355, 94081, 116135, 125997, 131566, 138474, 140803, 144455, 159989, 245972, 253260, 283106, 283455, 387775, 389840, 406913, 406919, 406936, 406937, 406979, 406988, 407021, 407031, 442910, 442911, 553158, 574030, 574456, 645249, 693223, 100124700, 100128252, 100302142, 100507056, 101928376]"
153,"[9, 10, 19, 21, 24, 31, 43, 105, 114, 125, 134, 140, 142, 207, 217, 225, 267, 270, 287, 290, 324, 330, 332, 338, 355, 360, 368, 387, 405, 472, 513, 529, 540, 580, 595, 596, 650, 652, 654, 657, 668, 673, 675, 678, 688, 699, 701, 782, 783, 790, 811, 827, 841, 862, 863, 894, 898, 928, 960, 999, 1003, 1005, 1026, 1027, 1029, 1036, 1080, 1105, 1244, 1272, 1281, 1288, 1294, 1363, 1387, 1404, 1434, 1437, 1440, 1463, 1487, 1495, 1499, 1501, 1512, 1523, 1544, 1545, 1548, 1580, 1592, 1620, 1630, 1649, 1669, 1719, 1728, 1741, 1756, 1769, 1776, 1798, 1800, 1806, 1808, 1890, 1896, 1902, 1956, 1981, 2026, 2030, 2033, 2041, 2042, 2045, 2051, 2052, 2065, 2068, 2070, 2072, 2074, 2099, 2100, 2110, 2115, 2153, 2175, 2176, 2182, 2186, 2189, 2195, 2199, 2201, 2202, 2219, 2220, 2237, 2261, 2275, 2318, 2328, 2335, 2346, 2356, 2475, 2553, 2559, 2588, 2597, 2626, 2692, 2735, 2737, 2778, 2832, 2876, 2879, 2894, 2895, 2899, 2903, 2911, 2944, 2947, 2950, 2954, 2956, 2959, 2972, 2977, 2984, 3008, 3009, 3067, 3101, 3149, 3205, 3225, 3231, 3235, 3265, 3269, 3361, 3417, 3439, 3440, 3456, 3479, 3481, 3486, 3488, 3558, 3572, 3576, 3604, 3652, 3670, 3671, 3700, 3744, 3752, 3791, 3845, 3868, 3908, 3914, 3915, 3977, 3978, 3980, 3992, 4008, 4016, 4035, 4036, 4087, 4088, 4089, 4092, 4093, 4094, 4108, 4131, 4133, 4163, 4179, 4194, 4288, 4292, 4297, 4306, 4312, 4313, 4318, 4320, 4353, 4363, 4430, 4436, 4437, 4489, 4502, 4504, 4512, 4513, 4519, 4524, 4539, 4552, 4595, 4609, 4694, 4745, 4763, 4772, 4811, 4830, 4831, 4838, 4851, 4853, 4891, 4893, 4897, 4913, 4929, 4953, 5007, 5016, 5017, 5027, 5126, 5157, 5178, 5187, 5236, 5243, 5244, 5268, 5290, 5314, 5316, 5373, 5395, 5423, 5424, 5426, 5447, 5468, 5498, 5519, 5533, 5553, 5579, 5581, 5587, 5590, 5627, 5631, 5644, 5646, 5683, 5690, 5705, 5728, 5743, 5789, 5795, 5799, 5802, 5819, 5825, 5826, 5858, 5878, 5900, 5915, 5924, 5925, 5949, 5954, 5979, 6009, 6059, 6128, 6198, 6224, 6241, 6338, 6340, 6414, 6422, 6423, 6424, 6425, 6431, 6447, 6499, 6512, 6525, 6573, 6578, 6579, 6597, 6629, 6648, 6653, 6657, 6678, 6712, 6714, 6790, 6792, 6794, 6820, 6833, 6899, 6929, 6934, 6948, 6949, 7015, 7037, 7040, 7046, 7048, 7052, 7074, 7077, 7083, 7087, 7097, 7099, 7124, 7157, 7248, 7276, 7280, 7296, 7298, 7364, 7372, 7374, 7385, 7403, 7442, 7479, 7486, 7515, 7518, 7594, 7681, 7711, 7764, 7775, 7799, 7802, 7849, 7874, 7903, 7980, 8000, 8027, 8029, 8079, 8085, 8125, 8241, 8243, 8289, 8313, 8314, 8320, 8322, 8328, 8342, 8388, 8471, 8520, 8549, 8556, 8626, 8642, 8647, 8667, 8714, 8728, 8741, 8743, 8821, 8836, 8842, 8861, 8888, 8928, 8991, 8997, 9138, 9148, 9156, 9197, 9201, 9202, 9312, 9348, 9365, 9415, 9429, 9437, 9444, 9462, 9472, 9474, 9499, 9582, 9590, 9611, 9619, 9647, 9649, 9668, 9700, 9744, 9746, 9754, 9759, 9770, 9832, 9839, 9924, 9934, 10057, 10058, 10076, 10084, 10135, 10142, 10155, 10178, 10202, 10241, 10257, 10278, 10286, 10291, 10297, 10342, 10349, 10350, 10351, 10365, 10391, 10395, 10413, 10445, 10457, 10460, 10467, 10497, 10565, 10566, 10631, 10666, 10681, 10714, 10723, 10735, 10752, 10840, 10979, 11034, 11086, 11122, 11132, 11171, 11186, 11197, 11200, 11257, 22797, 22843, 22854, 22866, 22909, 22918, 22974, 22982, 22985, 22992, 23020, 23036, 23101, 23154, 23175, 23199, 23230, 23271, 23287, 23314, 23345, 23415, 23456, 23460, 23461, 23468, 23533, 23600, 23643, 23682, 23742, 24139, 25827, 25902, 26009, 26015, 26038, 26040, 26098, 26140, 26154, 26256, 26259, 26278, 26585, 26986, 27013, 27030, 27036, 27111, 27127, 27151, 27164, 27328, 28234, 29108, 29886, 29945, 29951, 29980, 30833, 50807, 50944, 50945, 51005, 51086, 51147, 51150, 51176, 51201, 51203, 51224, 51247, 51322, 51339, 51384, 51466, 51479, 51550, 51555, 51614, 51703, 53836, 54084, 54093, 54106, 54436, 54465, 54474, 54520, 54680, 54739, 54790, 54822, 54894, 54959, 55023, 55160, 55229, 55237, 55252, 55281, 55294, 55356, 55567, 55616, 55625, 55669, 55726, 55749, 55800, 55806, 56479, 56884, 56924, 56947, 57007, 57016, 57124, 57140, 57142, 57175, 57178, 57188, 57338, 57412, 57453, 57468, 57470, 57502, 57547, 57573, 57614, 57617, 58495, 58508, 59269, 59345, 59352, 60385, 60412, 63904, 63951, 64084, 64101, 64151, 64218, 64232, 64321, 64332, 64359, 64377, 64396, 64399, 64405, 64411, 64748, 64919, 64946, 65012, 65125, 66037, 78996, 78997, 79149, 79366, 79608, 79668, 79695, 79718, 79728, 79750, 79812, 79973, 80034, 80054, 80148, 80243, 80310, 80317, 80341, 80342, 80345, 80714, 80736, 81037, 81887, 83667, 84033, 84085, 84134, 84171, 84181, 84187, 84343, 84445, 84660, 84720, 84823, 84896, 84951, 84966, 85415, 85417, 90362, 91653, 91752, 91768, 91807, 92126, 92140, 92736, 93099, 93145, 94081, 94274, 112479, 114571, 114788, 115209, 115426, 116135, 116328, 116844, 119391, 122011, 122258, 124872, 124936, 126205, 126695, 130749, 132884, 135228, 137209, 140628, 140767, 143162, 143187, 143384, 143425, 144717, 145270, 146177, 147657, 147741, 148266, 150000, 150962, 151254, 151790, 152330, 152789, 154664, 154865, 157697, 163255, 164832, 167127, 170572, 170689, 170692, 196740, 200162, 201163, 201283, 201305, 204474, 219287, 219770, 221687, 222894, 223075, 225689, 254173, 255022, 256536, 282974, 284217, 284382, 286410, 319101, 340273, 340706, 341568, 342510, 374887, 386681, 387496, 388115, 389289, 389799, 400073, 401138, 406892, 406900, 406920, 406937, 407017, 407026, 407041, 407050, 407055, 693120, 693124, 728116, 100289255, 100302203, 100422821, 100422979, 100499467]"
154,[]
157,"[208, 240, 242, 324, 672, 673, 675, 1029, 2033, 3845, 4089, 5932, 6416, 6648, 6794, 7157, 8821, 54894, 84260]"
158,[]
160,[]
161,[]
162,"[191, 196, 207, 208, 213, 226, 238, 240, 242, 301, 308, 324, 328, 332, 335, 356, 361, 369, 374, 383, 467, 472, 545, 558, 673, 675, 688, 768, 814, 822, 841, 847, 894, 902, 928, 931, 972, 1012, 1029, 1030, 1113, 1294, 1387, 1432, 1440, 1454, 1474, 1499, 1540, 1553, 1571, 1612, 1645, 1728, 1845, 1869, 1870, 1871, 1875, 1876, 1956, 1967, 2023, 2026, 2033, 2042, 2044, 2046, 2064, 2067, 2074, 2081, 2091, 2182, 2194, 2254, 2260, 2261, 2263, 2264, 2272, 2305, 2309, 2321, 2475, 2547, 2597, 2618, 2696, 2729, 2791, 2810, 2898, 2909, 2946, 2950, 2956, 2986, 3028, 3070, 3091, 3098, 3099, 3148, 3178, 3265, 3280, 3315, 3570, 3576, 3586, 3615, 3645, 3646, 3654, 3656, 3659, 3688, 3691, 3726, 3761, 3791, 3799, 3815, 3838, 3843, 3845, 3918, 3921, 3939, 3956, 4000, 4001, 4193, 4233, 4292, 4312, 4318, 4320, 4342, 4437, 4504, 4609, 4691, 4736, 4750, 4751, 4780, 4826, 4854, 4869, 4893, 4915, 4916, 4921, 4968, 5002, 5021, 5052, 5071, 5092, 5223, 5243, 5290, 5478, 5530, 5591, 5604, 5605, 5610, 5728, 5744, 5829, 5832, 5885, 5894, 5921, 5925, 5979, 5984, 6009, 6016, 6098, 6157, 6173, 6182, 6236, 6240, 6241, 6304, 6385, 6440, 6470, 6472, 6565, 6573, 6597, 6599, 6637, 6648, 6654, 6657, 6723, 6774, 6794, 6795, 6855, 7015, 7018, 7039, 7080, 7083, 7153, 7157, 7158, 7167, 7262, 7270, 7273, 7298, 7345, 7371, 7409, 7422, 7508, 7520, 8048, 8125, 8202, 8260, 8314, 8347, 8408, 8434, 8626, 8671, 8711, 8743, 8761, 8801, 8890, 8893, 9113, 9180, 9304, 9497, 9510, 9582, 9625, 9748, 9817, 10087, 10110, 10171, 10179, 10188, 10360, 10397, 10452, 10476, 10528, 10568, 10769, 10922, 10961, 11051, 11186, 22948, 23028, 23212, 23521, 23532, 23556, 23603, 25865, 25878, 26227, 26519, 26524, 26750, 27102, 27330, 27347, 27436, 28969, 29098, 29108, 29968, 51082, 51280, 51303, 51347, 51592, 51602, 51614, 54433, 54458, 55342, 55379, 55681, 55743, 55783, 55829, 56342, 57099, 57144, 58499, 59082, 60487, 63826, 64841, 64969, 65084, 65125, 79711, 79733, 79887, 81037, 83743, 84444, 84700, 85481, 90355, 94081, 138474, 140803, 144455, 159989, 253260, 283106, 283455, 387775, 389840, 406913, 406919, 406936, 406937, 406979, 406988, 407021, 407031, 442910, 442911, 574030, 574456, 645249, 693223, 100302142, 101928376]"
163,[]
170,"[207, 648, 860, 1280, 1576, 1719, 1956, 1965, 2101, 2131, 2132, 2146, 2348, 2914, 2950, 3725, 3756, 4015, 4233, 4313, 4486, 4609, 5925, 5981, 5996, 7001, 7157, 7262, 7422, 7486, 7490, 8148, 8792, 8856, 8878, 9183, 9401, 10210, 11200, 23411, 23476, 54880, 85417, 406900, 406920, 407050, 442894, 442901]"
171,"[324, 2308, 5002, 5077, 5081, 7161, 25937]"
172,[1029]
173,"[5727, 5921]"
174,"[10, 21, 24, 25, 34, 43, 50, 59, 90, 95, 102, 103, 142, 148, 174, 182, 196, 207, 208, 226, 238, 267, 286, 287, 318, 325, 329, 332, 343, 346, 353, 357, 367, 369, 374, 375, 396, 435, 472, 489, 533, 540, 554, 573, 580, 581, 590, 595, 596, 597, 633, 643, 649, 650, 652, 659, 672, 673, 675, 695, 708, 713, 741, 840, 841, 847, 857, 865, 898, 902, 914, 958, 972, 978, 987, 996, 999, 1000, 1003, 1008, 1027, 1029, 1031, 1040, 1063, 1072, 1073, 1111, 1144, 1180, 1192, 1260, 1269, 1294, 1301, 1310, 1312, 1364, 1374, 1386, 1394, 1406, 1409, 1435, 1436, 1437, 1440, 1453, 1472, 1474, 1499, 1523, 1543, 1545, 1565, 1576, 1586, 1588, 1591, 1608, 1627, 1649, 1654, 1662, 1674, 1719, 1728, 1735, 1756, 1770, 1776, 1786, 1788, 1789, 1798, 1806, 1825, 1857, 1869, 1894, 1902, 1909, 1910, 1933, 1938, 1942, 1950, 1956, 1974, 1983, 1990, 2004, 2023, 2028, 2033, 2050, 2057, 2063, 2064, 2065, 2066, 2069, 2071, 2074, 2091, 2099, 2100, 2101, 2114, 2118, 2122, 2146, 2152, 2166, 2167, 2173, 2194, 2202, 2218, 2248, 2249, 2255, 2260, 2263, 2274, 2305, 2316, 2317, 2321, 2335, 2350, 2353, 2475, 2521, 2538, 2549, 2557, 2568, 2625, 2662, 2697, 2735, 2771, 2804, 2817, 2821, 2831, 2837, 2852, 2876, 2877, 2879, 2886, 2898, 2899, 2906, 2916, 2920, 2921, 2934, 2950, 2956, 2957, 2977, 2986, 3002, 3006, 3014, 3032, 3069, 3084, 3087, 3090, 3091, 3101, 3141, 3161, 3162, 3169, 3190, 3191, 3200, 3201, 3219, 3237, 3240, 3265, 3273, 3280, 3290, 3304, 3320, 3381, 3394, 3431, 3440, 3456, 3458, 3476, 3479, 3480, 3488, 3490, 3551, 3553, 3569, 3576, 3586, 3620, 3680, 3692, 3714, 3725, 3741, 3756, 3758, 3772, 3791, 3815, 3841, 3845, 3852, 3856, 3861, 3875, 3895, 3908, 3925, 3945, 3952, 3953, 3957, 3973, 3991, 3993, 3996, 4007, 4017, 4046, 4072, 4100, 4103, 4118, 4123, 4128, 4193, 4194, 4211, 4214, 4240, 4253, 4282, 4283, 4288, 4292, 4299, 4311, 4312, 4313, 4314, 4318, 4319, 4323, 4361, 4363, 4436, 4439, 4440, 4485, 4504, 4524, 4548, 4595, 4619, 4627, 4654, 4660, 4683, 4695, 4696, 4702, 4722, 4734, 4763, 4771, 4792, 4802, 4810, 4829, 4835, 4843, 4846, 4851, 4853, 4854, 4855, 4897, 4904, 4919, 4928, 4948, 5002, 5047, 5055, 5058, 5100, 5138, 5154, 5170, 5174, 5187, 5199, 5205, 5210, 5241, 5243, 5245, 5257, 5268, 5270, 5290, 5291, 5292, 5300, 5321, 5338, 5351, 5358, 5364, 5395, 5407, 5429, 5435, 5451, 5464, 5506, 5562, 5563, 5609, 5625, 5631, 5638, 5655, 5728, 5742, 5743, 5744, 5784, 5788, 5789, 5819, 5880, 5888, 5889, 5890, 5892, 5894, 5902, 5909, 5914, 5915, 5916, 5924, 5925, 5935, 5965, 5970, 5984, 5990, 5997, 6007, 6091, 6147, 6160, 6181, 6191, 6194, 6197, 6199, 6201, 6202, 6203, 6236, 6249, 6257, 6338, 6342, 6364, 6387, 6416, 6422, 6423, 6425, 6426, 6470, 6492, 6499, 6504, 6513, 6514, 6518, 6528, 6531, 6547, 6549, 6591, 6602, 6615, 6623, 6648, 6653, 6683, 6696, 6709, 6714, 6721, 6772, 6774, 6775, 6776, 6790, 6811, 6817, 6834, 6916, 6926, 6935, 6944, 6950, 7007, 7010, 7015, 7016, 7020, 7025, 7037, 7052, 7057, 7059, 7087, 7090, 7092, 7106, 7124, 7145, 7150, 7153, 7157, 7158, 7159, 7161, 7171, 7179, 7223, 7267, 7295, 7298, 7348, 7355, 7372, 7421, 7423, 7424, 7431, 7450, 7453, 7468, 7480, 7490, 7494, 7498, 7516, 7517, 7570, 7627, 7818, 7852, 7913, 7916, 7923, 7980, 8021, 8029, 8038, 8065, 8076, 8085, 8087, 8202, 8204, 8289, 8291, 8314, 8320, 8347, 8359, 8412, 8438, 8493, 8518, 8526, 8528, 8542, 8563, 8614, 8636, 8648, 8743, 8821, 8863, 8864, 8871, 8886, 8887, 8894, 8897, 8899, 8907, 8914, 8924, 8997, 9048, 9055, 9056, 9064, 9076, 9118, 9123, 9136, 9152, 9154, 9156, 9175, 9185, 9208, 9260, 9282, 9381, 9411, 9429, 9462, 9472, 9473, 9510, 9540, 9563, 9564, 9576, 9582, 9590, 9611, 9623, 9635, 9647, 9668, 9726, 9744, 9754, 9759, 9801, 9811, 9817, 9821, 9824, 9839, 9877, 9884, 9901, 9908, 9940, 9968, 9986, 10010, 10016, 10045, 10058, 10111, 10139, 10142, 10160, 10178, 10236, 10270, 10276, 10297, 10318, 10343, 10371, 10381, 10397, 10413, 10457, 10468, 10480, 10481, 10499, 10537, 10542, 10551, 10558, 10564, 10579, 10580, 10599, 10660, 10712, 10855, 10916, 10940, 11009, 11018, 11041, 11065, 11067, 11118, 11129, 11179, 11188, 11193, 11194, 11200, 11227, 11250, 11309, 22795, 22843, 22844, 22878, 22891, 22943, 22948, 22982, 23008, 23013, 23033, 23054, 23061, 23101, 23127, 23136, 23152, 23163, 23174, 23179, 23210, 23224, 23236, 23245, 23301, 23339, 23345, 23352, 23387, 23406, 23411, 23456, 23462, 23493, 23499, 23503, 23522, 23528, 23650, 23673, 23678, 23705, 24149, 25800, 25824, 25836, 26037, 26038, 26040, 26060, 26088, 26092, 26150, 26227, 26269, 26280, 26286, 26504, 26508, 26528, 26986, 27037, 27098, 27246, 27250, 27255, 27324, 27333, 27340, 28316, 28514, 28957, 28998, 29072, 29789, 29942, 30818, 30849, 50485, 50618, 50649, 50838, 50943, 51076, 51081, 51112, 51129, 51167, 51176, 51182, 51314, 51350, 51361, 51388, 51433, 51438, 51466, 51533, 51535, 51564, 51649, 51692, 51702, 51741, 51763, 51804, 53335, 54210, 54437, 54475, 54498, 54567, 54584, 54600, 54848, 54929, 54995, 55005, 55110, 55140, 55146, 55183, 55193, 55197, 55205, 55206, 55214, 55245, 55248, 55254, 55294, 55342, 55554, 55613, 55614, 55728, 55734, 55746, 55760, 55809, 55818, 55876, 55959, 56100, 56121, 56180, 56287, 56666, 56929, 56942, 56945, 56946, 57084, 57178, 57192, 57452, 57492, 57535, 57554, 57561, 57595, 57643, 57692, 57724, 58189, 58505, 59352, 60487, 60561, 60626, 63035, 63926, 63939, 63943, 63967, 64411, 64755, 64778, 64780, 64881, 65005, 65059, 65125, 79068, 79072, 79648, 79659, 79677, 79694, 79723, 79728, 79759, 79770, 79813, 79836, 79842, 80018, 80230, 80304, 80306, 80324, 80332, 80774, 80818, 80863, 81031, 81037, 81494, 81628, 81797, 83416, 83439, 83479, 83548, 83729, 83734, 83741, 83990, 84033, 84075, 84142, 84146, 84166, 84215, 84258, 84273, 84376, 84445, 84456, 84464, 84541, 84680, 84725, 84804, 84866, 84870, 84899, 85236, 85377, 90353, 90355, 90529, 90853, 91074, 91179, 91289, 91433, 91608, 91653, 91801, 92014, 92140, 92270, 92483, 93587, 94005, 94234, 113179, 113510, 113828, 114571, 114815, 114885, 115352, 116113, 116135, 116986, 117156, 120526, 124989, 125228, 126205, 126248, 127707, 127795, 128218, 130540, 130872, 131408, 131965, 132112, 132671, 133522, 134218, 134510, 135228, 136647, 137872, 138046, 138883, 145447, 146862, 147463, 148022, 148266, 148789, 149563, 150483, 151636, 151647, 152273, 157680, 158056, 159195, 160897, 161424, 164656, 164781, 165904, 167465, 170575, 171019, 196403, 200035, 200315, 203328, 219749, 220929, 221074, 221078, 221393, 221458, 221687, 221749, 221914, 222389, 252983, 253012, 254122, 256714, 256957, 257044, 259173, 259282, 267004, 282973, 283120, 283310, 283849, 284119, 284615, 284996, 286053, 317772, 337975, 337977, 338321, 338323, 339327, 339976, 340205, 342908, 343450, 345274, 348180, 348654, 348793, 374955, 374977, 375444, 378938, 386681, 387119, 388387, 389197, 389400, 400224, 400500, 404037, 404281, 406894, 406902, 406903, 406913, 406914, 406921, 406933, 406937, 406938, 406943, 406984, 406985, 406988, 406989, 406996, 407006, 407007, 407013, 407021, 407027, 442909, 442910, 474170, 554202, 554210, 574442, 644246, 645249, 647979, 100128252, 100144748, 100506658]"
176,[]
182,"[207, 210, 1471, 1476, 1514, 3280, 4771, 5155, 5241, 5728, 6598, 6605, 6608, 7486, 8028, 8314, 9314, 51684, 84231]"
183,[672]
185,"[9, 10, 12, 28, 29, 43, 142, 154, 196, 207, 210, 240, 242, 301, 306, 307, 316, 324, 328, 332, 354, 356, 367, 384, 395, 463, 467, 472, 540, 545, 563, 567, 572, 581, 595, 596, 632, 655, 658, 664, 672, 673, 675, 678, 780, 796, 811, 826, 841, 842, 857, 858, 861, 873, 894, 902, 928, 996, 999, 1010, 1012, 1026, 1027, 1063, 1105, 1107, 1191, 1200, 1266, 1289, 1306, 1312, 1316, 1317, 1365, 1366, 1387, 1410, 1465, 1469, 1474, 1488, 1499, 1508, 1509, 1543, 1545, 1548, 1557, 1562, 1571, 1576, 1577, 1585, 1586, 1588, 1605, 1636, 1647, 1672, 1728, 1775, 1786, 1789, 1794, 1861, 1902, 1950, 1956, 1958, 1962, 2012, 2014, 2048, 2052, 2064, 2065, 2068, 2077, 2078, 2099, 2100, 2115, 2117, 2118, 2119, 2122, 2130, 2146, 2182, 2192, 2247, 2255, 2264, 2272, 2296, 2308, 2346, 2591, 2650, 2678, 2690, 2697, 2787, 2803, 2878, 2886, 2908, 2923, 2925, 2932, 2938, 2944, 2947, 2950, 2952, 3047, 3048, 3091, 3111, 3148, 3162, 3169, 3171, 3187, 3219, 3232, 3248, 3249, 3265, 3283, 3284, 3292, 3293, 3303, 3326, 3383, 3399, 3417, 3479, 3482, 3486, 3489, 3490, 3557, 3558, 3569, 3572, 3576, 3586, 3603, 3606, 3619, 3630, 3667, 3690, 3696, 3708, 3716, 3717, 3728, 3817, 3845, 3913, 3915, 3925, 3945, 3952, 3977, 4023, 4036, 4072, 4074, 4152, 4154, 4158, 4193, 4214, 4233, 4282, 4292, 4297, 4311, 4318, 4322, 4323, 4353, 4437, 4477, 4481, 4502, 4507, 4524, 4585, 4601, 4609, 4610, 4650, 4669, 4683, 4780, 4782, 4804, 4824, 4846, 4849, 4878, 4883, 4925, 4968, 5034, 5054, 5074, 5080, 5083, 5100, 5144, 5160, 5172, 5174, 5176, 5179, 5224, 5273, 5290, 5291, 5293, 5295, 5296, 5309, 5328, 5329, 5371, 5378, 5396, 5420, 5444, 5452, 5465, 5493, 5520, 5530, 5567, 5590, 5591, 5595, 5604, 5610, 5611, 5621, 5652, 5728, 5743, 5744, 5788, 5796, 5817, 5819, 5887, 5896, 5925, 5926, 6019, 6038, 6041, 6091, 6092, 6134, 6135, 6136, 6185, 6223, 6237, 6256, 6293, 6296, 6376, 6387, 6414, 6453, 6462, 6522, 6528, 6541, 6558, 6581, 6594, 6648, 6657, 6690, 6695, 6715, 6716, 6746, 6757, 6768, 6774, 6783, 6790, 6817, 6820, 6822, 6836, 6885, 6890, 6916, 6925, 6926, 6928, 6934, 6948, 6950, 7001, 7012, 7015, 7039, 7040, 7048, 7079, 7099, 7100, 7110, 7111, 7113, 7114, 7153, 7157, 7162, 7163, 7164, 7178, 7184, 7185, 7263, 7298, 7307, 7352, 7366, 7367, 7371, 7372, 7403, 7415, 7421, 7422, 7430, 7431, 7432, 7480, 7514, 7515, 7546, 7704, 7763, 7862, 7874, 7984, 7994, 8000, 8085, 8086, 8202, 8289, 8314, 8339, 8365, 8379, 8405, 8409, 8452, 8495, 8509, 8537, 8560, 8615, 8644, 8648, 8661, 8667, 8702, 8720, 8743, 8754, 8785, 8797, 8804, 8829, 8854, 8895, 8932, 9080, 9189, 9203, 9289, 9380, 9420, 9446, 9480, 9516, 9518, 9538, 9564, 9611, 9687, 9709, 9817, 9869, 9909, 9968, 9985, 10013, 10018, 10040, 10158, 10194, 10207, 10257, 10263, 10333, 10397, 10417, 10439, 10451, 10481, 10499, 10514, 10516, 10551, 10587, 10625, 10645, 10659, 10809, 10810, 10857, 10863, 10928, 10945, 10948, 10951, 10955, 10961, 11005, 11009, 11095, 11176, 11178, 11187, 11200, 11214, 22853, 22907, 22992, 23013, 23036, 23071, 23185, 23197, 23204, 23210, 23244, 23248, 23269, 23301, 23331, 23338, 23382, 23411, 23451, 23476, 23600, 23635, 23671, 23753, 25792, 25818, 25932, 26054, 26137, 26227, 26239, 26298, 26499, 27087, 27134, 27173, 27232, 27242, 27294, 28999, 29072, 29087, 29893, 30008, 50508, 50509, 50618, 51084, 51132, 51135, 51181, 51227, 51322, 51341, 51426, 51651, 51655, 51755, 53353, 53916, 54361, 54363, 54431, 54535, 54704, 54756, 54790, 54795, 54801, 54809, 54887, 54894, 54897, 55035, 55072, 55198, 55210, 55256, 55312, 55328, 55357, 55576, 55577, 55636, 55819, 55827, 55829, 55840, 55870, 56288, 56616, 56849, 56916, 56924, 56946, 57082, 57185, 57646, 57666, 58508, 59084, 59344, 60526, 60528, 63876, 64240, 64374, 64579, 64816, 64864, 79366, 79574, 79689, 79718, 79728, 79783, 79784, 79807, 79969, 80381, 81037, 81532, 81567, 83259, 83606, 83879, 84181, 84519, 84818, 90338, 90355, 91522, 92105, 93611, 113189, 114609, 116113, 118429, 124222, 132671, 135112, 136991, 138474, 143686, 148327, 149628, 150084, 153090, 196528, 201294, 221895, 222546, 246778, 283131, 283237, 283349, 285704, 344595, 373156, 389058, 390858, 406899, 406991, 606293, 730198, 100507527, 100750225, 101669767, 106479631, 106479784, 106480868, 106481323]"
186,"[240, 242, 673, 955, 1618, 2261, 3265, 3815, 4313, 5307, 6793, 6794, 8379, 8915, 27306, 55159, 63978]"
188,"[9, 10, 43, 267, 290, 330, 355, 360, 387, 472, 513, 675, 688, 898, 999, 1026, 1029, 1387, 1440, 1463, 1580, 1728, 1890, 1956, 2026, 2033, 2065, 2068, 2072, 2099, 2100, 2175, 2176, 2186, 2261, 2475, 2735, 2876, 2944, 2950, 2954, 3149, 3205, 3265, 3440, 3456, 3479, 3486, 3488, 3558, 3576, 3670, 3845, 3868, 3908, 3978, 4016, 4108, 4194, 4297, 4313, 4318, 4353, 4489, 4502, 4504, 4524, 4609, 4851, 4853, 5423, 5447, 5533, 5646, 5690, 5743, 5819, 5925, 6573, 6648, 6657, 6714, 7015, 7037, 7077, 7124, 7157, 7248, 7364, 7403, 7442, 7799, 7874, 8000, 8085, 8243, 8289, 8314, 8320, 8821, 8836, 9582, 9611, 9649, 9700, 9759, 10460, 10723, 10735, 10979, 11186, 26259, 26986, 27127, 50807, 51479, 55252, 57412, 58508, 79366, 79718, 81037, 84171, 84181, 84966, 119391, 140767, 146177, 225689, 255022, 341568, 374887, 389289, 406892, 406937, 407026, 407041, 407055, 693120, 693124, 100422979]"
189,"[43, 95, 210, 216, 238, 240, 242, 307, 317, 332, 353, 472, 590, 627, 657, 675, 822, 835, 949, 1028, 1265, 1293, 1381, 1410, 1499, 1508, 1509, 1612, 1938, 2034, 2064, 2081, 2239, 2321, 2324, 2475, 2705, 2719, 2886, 2944, 2950, 2952, 3035, 3313, 3315, 3329, 3440, 3481, 3566, 3569, 3570, 3596, 3778, 3791, 3855, 3856, 3882, 3897, 3945, 4074, 4149, 4216, 4233, 4286, 4298, 4585, 4613, 4771, 4841, 4919, 4968, 5037, 5058, 5080, 5162, 5230, 5290, 5443, 5546, 5599, 5728, 5743, 5816, 5970, 5978, 6261, 6423, 6495, 6513, 6526, 6648, 6921, 6927, 6928, 7010, 7030, 7052, 7157, 7248, 7249, 7273, 7403, 7428, 7490, 8019, 8028, 8242, 8289, 8314, 8407, 8633, 8738, 8743, 8790, 8821, 9045, 9319, 9370, 9745, 9817, 9820, 10155, 10397, 10404, 10461, 10664, 10736, 10950, 11010, 11214, 11236, 11281, 22858, 23042, 23224, 23405, 23532, 25844, 25953, 29072, 29102, 50944, 53353, 53904, 54487, 54790, 54880, 55193, 55367, 55654, 55745, 55781, 56776, 57510, 57731, 63035, 65061, 65267, 79026, 79444, 79728, 81562, 84433, 84925, 85443, 89795, 91661, 91662, 91752, 114788, 120892, 129563, 139285, 142685, 144132, 158584, 171023, 201163, 283092, 283120, 284013, 343930, 374393]"
190,"[4194, 5308, 5925, 54880]"
191,"[90, 182, 324, 367, 472, 474, 546, 590, 648, 673, 675, 861, 864, 898, 902, 928, 1017, 1018, 1021, 1116, 1475, 1476, 1499, 1501, 1508, 1513, 1786, 1840, 1848, 1950, 1956, 2048, 2051, 2064, 2081, 2099, 2100, 2195, 2260, 2313, 2335, 2355, 2475, 2668, 2898, 2952, 2986, 3014, 3020, 3082, 3090, 3091, 3280, 3417, 3418, 3440, 3553, 3558, 3576, 3645, 3654, 3714, 3845, 4194, 4233, 4255, 4313, 4314, 4318, 4352, 4609, 4610, 4613, 4683, 4763, 4851, 4853, 4854, 4915, 5015, 5071, 5156, 5164, 5290, 5292, 5294, 5295, 5371, 5395, 5578, 5579, 5599, 5727, 5747, 5781, 5864, 5970, 6046, 6197, 6275, 6277, 6281, 6447, 6502, 6608, 6733, 6774, 7015, 7052, 7157, 7158, 7403, 7409, 7422, 7490, 7867, 7994, 8019, 8202, 8216, 8312, 8350, 8358, 8425, 8434, 8445, 8553, 8643, 8660, 8743, 8842, 9113, 9274, 9611, 10000, 10389, 10397, 10683, 10735, 11186, 23030, 23081, 23462, 23476, 23493, 23512, 23532, 23683, 26136, 26353, 26524, 51341, 51426, 51592, 51593, 51684, 51701, 55359, 55379, 55561, 57212, 57670, 57761, 60487, 65018, 65084, 65998, 79728, 79759, 79813, 83546, 83746, 84456, 90355, 92335, 114826, 138474, 150094, 159989, 169436, 346288, 387775]"
192,[]
193,"[238, 673, 750, 1735, 1778, 1964, 2100, 2120, 2304, 2846, 3265, 3845, 4893, 4914, 4916, 5108, 5468, 5527, 5728, 5979, 5987, 6591, 6615, 6935, 7080, 7175, 7253, 7453, 7849, 8030, 8031, 8805, 9562, 9839, 9950, 10342, 23085, 51079, 51592, 57522, 57596, 64150, 91833, 406914, 406924, 406927, 406946, 407023, 442897, 442905, 442913, 442914, 442915, 494325, 494326, 494328, 494329, 494330, 494331, 574034, 574038, 574408, 574410, 574413, 574433, 574434, 574435, 574436, 574450, 574451, 574452, 574453, 574454, 619555, 664612, 664615, 664616, 693121, 724024, 724025, 724026, 729582, 768212, 768222, 100126297, 100126335, 100126345, 100302145, 100302250, 100422837, 100886964]"
194,"[1113, 1312, 1621, 1644, 2668, 4128, 4129, 4149, 4763, 5979, 6390, 6391, 6392, 7054, 7157, 7428, 23095, 54583, 55654]"
199,"[8292, 8313]"
200,"[25, 387, 581, 613, 861, 1029, 2120, 2322, 2625, 3107, 3131, 3399, 3492, 4297, 4299, 4609, 5079, 5087, 5091, 5156, 5295, 5305, 5979, 6597, 6929, 7157, 8289, 10320, 10672, 10693, 10841, 26053, 27086, 27113, 27164, 53947]"
201,[]
202,"[331, 472, 540, 558, 595, 596, 604, 635, 673, 675, 843, 875, 883, 1027, 1437, 1440, 1543, 1571, 1978, 2052, 2271, 2356, 2952, 3123, 3440, 3458, 3558, 3604, 3605, 4068, 4233, 4524, 4771, 5243, 5551, 5594, 5595, 5728, 5743, 5894, 5902, 6390, 6470, 6528, 6596, 6648, 6790, 7037, 7157, 7166, 7178, 7249, 7298, 7428, 8314, 8438, 8743, 8915, 9235, 10397, 11200, 25788, 26052, 27306, 29089, 54880, 57817, 63979, 83593, 157570, 201163]"
203,"[142, 330, 595, 596, 598, 664, 673, 694, 942, 1029, 1031, 1437, 1440, 1728, 2052, 2261, 2952, 3105, 3315, 3440, 3569, 3662, 3845, 3981, 4170, 4582, 4609, 4893, 5744, 6347, 6648, 6678, 7403, 9891, 23492, 23495, 23532, 51185, 54986, 170680, 406979, 407048]"
204,"[472, 540, 558, 595, 673, 675, 883, 1027, 1543, 1978, 2271, 2952, 3558, 3604, 4233, 4771, 5243, 5594, 5595, 5728, 5743, 5894, 5902, 6390, 6528, 6596, 6648, 6790, 7157, 7166, 7178, 7249, 7428, 8314, 8743, 9235, 10397, 26052, 27306, 29089, 54880, 57817, 63979, 83593, 157570, 201163]"
205,[]
207,[]
208,"[25, 113, 240, 302, 307, 308, 309, 330, 332, 355, 366, 406, 472, 481, 595, 596, 604, 613, 641, 672, 673, 695, 768, 796, 822, 824, 840, 861, 862, 864, 865, 867, 868, 894, 921, 928, 945, 960, 1021, 1050, 1052, 1269, 1387, 1407, 1408, 1432, 1436, 1437, 1440, 1441, 1471, 1495, 1512, 1522, 1523, 1612, 1637, 1665, 1788, 1827, 1880, 1902, 1978, 2026, 2033, 2052, 2072, 2078, 2120, 2122, 2146, 2175, 2176, 2177, 2178, 2187, 2188, 2189, 2274, 2308, 2322, 2623, 2624, 2672, 2946, 2950, 2969, 3005, 3006, 3082, 3161, 3205, 3265, 3309, 3315, 3398, 3417, 3418, 3440, 3500, 3569, 3576, 3659, 3662, 3676, 3716, 3717, 3718, 3815, 3845, 4026, 4066, 4233, 4291, 4297, 4330, 4524, 4599, 4609, 4629, 4763, 4794, 4853, 4869, 4893, 4908, 4916, 4928, 5027, 5142, 5159, 5187, 5290, 5336, 5366, 5423, 5457, 5527, 5657, 5743, 5781, 5817, 5819, 5880, 5885, 5888, 5889, 5934, 5997, 6209, 6237, 6279, 6281, 6285, 6427, 6446, 6455, 6573, 6647, 6678, 6688, 6774, 6840, 6850, 6919, 7001, 7015, 7037, 7157, 7200, 7204, 7249, 7280, 7307, 7403, 7421, 7432, 7490, 7514, 7516, 7837, 8021, 8028, 8233, 8301, 8302, 8600, 8623, 8743, 8792, 8821, 8847, 8863, 8864, 9145, 9588, 9855, 10019, 10125, 10238, 10437, 10459, 10634, 10664, 10735, 10801, 10919, 11040, 11073, 11122, 11168, 11262, 11326, 22800, 22806, 23092, 23305, 23451, 23532, 23547, 23624, 25797, 25865, 25913, 26040, 26511, 28444, 29072, 29089, 29125, 29949, 30845, 51119, 51176, 51341, 51428, 51510, 53826, 54790, 54880, 55120, 55215, 55252, 55289, 55500, 55740, 57697, 58508, 60468, 64324, 64506, 79728, 79870, 80169, 81552, 81848, 83990, 84464, 90427, 115761, 171023, 284058, 339970, 375790, 378938, 406885, 406912, 406935, 406937, 406947, 407055, 768219, 100048912]"
210,"[1026, 1027, 1030, 1031, 4221]"
211,"[2, 10, 25, 31, 47, 50, 51, 60, 118, 127, 148, 151, 174, 196, 207, 302, 307, 310, 319, 324, 325, 328, 332, 335, 367, 390, 440, 467, 472, 540, 595, 598, 637, 657, 673, 699, 701, 735, 760, 841, 864, 873, 891, 898, 899, 902, 922, 947, 960, 983, 990, 991, 995, 1012, 1019, 1027, 1029, 1031, 1033, 1050, 1051, 1052, 1058, 1062, 1063, 1071, 1124, 1149, 1230, 1233, 1306, 1312, 1356, 1375, 1381, 1393, 1401, 1432, 1437, 1440, 1464, 1499, 1509, 1540, 1543, 1544, 1555, 1558, 1571, 1579, 1586, 1592, 1621, 1634, 1636, 1646, 1776, 1806, 1827, 1869, 1893, 1894, 1948, 1950, 1951, 1956, 1958, 1959, 2022, 2023, 2052, 2056, 2099, 2108, 2146, 2147, 2153, 2171, 2177, 2182, 2194, 2203, 2220, 2222, 2248, 2249, 2272, 2305, 2328, 2353, 2354, 2475, 2563, 2597, 2658, 2690, 2705, 2719, 2735, 2752, 2775, 2781, 2810, 2823, 2877, 2878, 2898, 2923, 2944, 2950, 2956, 2998, 3054, 3082, 3083, 3148, 3156, 3161, 3162, 3206, 3209, 3235, 3265, 3284, 3309, 3313, 3315, 3417, 3439, 3476, 3479, 3480, 3481, 3482, 3483, 3491, 3556, 3557, 3558, 3569, 3576, 3592, 3593, 3660, 3667, 3697, 3699, 3700, 3725, 3781, 3832, 3833, 3845, 3856, 3875, 3925, 3931, 3954, 3977, 4018, 4057, 4085, 4089, 4100, 4102, 4105, 4137, 4143, 4163, 4171, 4199, 4204, 4233, 4288, 4292, 4297, 4313, 4318, 4353, 4436, 4437, 4439, 4489, 4493, 4494, 4502, 4595, 4598, 4605, 4609, 4645, 4751, 4780, 4792, 4796, 4830, 4837, 4854, 4891, 4913, 4942, 4998, 5052, 5054, 5105, 5111, 5155, 5157, 5166, 5199, 5218, 5226, 5230, 5243, 5244, 5245, 5265, 5267, 5290, 5307, 5315, 5317, 5347, 5357, 5395, 5465, 5468, 5469, 5502, 5581, 5685, 5728, 5743, 5745, 5747, 5800, 5836, 5858, 5879, 5894, 5914, 5925, 6091, 6194, 6197, 6240, 6241, 6319, 6348, 6358, 6387, 6422, 6469, 6496, 6502, 6513, 6514, 6528, 6580, 6648, 6720, 6721, 6725, 6756, 6772, 6774, 6775, 6790, 6888, 6925, 6927, 6941, 7001, 7015, 7039, 7040, 7053, 7054, 7070, 7083, 7099, 7124, 7150, 7153, 7157, 7204, 7248, 7263, 7272, 7276, 7298, 7325, 7345, 7358, 7372, 7376, 7412, 7433, 7507, 7508, 7538, 7546, 7571, 7832, 7980, 8100, 8208, 8289, 8312, 8313, 8314, 8318, 8406, 8407, 8431, 8438, 8547, 8660, 8667, 8685, 8720, 8743, 8805, 8821, 8826, 8835, 8862, 8900, 8916, 9021, 9055, 9077, 9088, 9099, 9133, 9156, 9212, 9215, 9227, 9232, 9317, 9319, 9332, 9353, 9493, 9510, 9518, 9547, 9588, 9611, 9636, 9681, 9757, 9768, 9787, 9824, 9829, 9833, 9837, 9920, 9928, 9965, 9970, 9971, 10024, 10112, 10188, 10293, 10332, 10397, 10403, 10413, 10460, 10468, 10476, 10486, 10533, 10537, 10553, 10584, 10642, 10643, 10669, 10788, 10855, 10894, 10897, 10961, 10987, 10990, 11004, 11065, 11082, 11093, 11130, 11185, 11315, 11318, 11326, 22822, 22849, 22937, 22974, 22994, 22996, 23302, 23386, 23397, 23404, 23405, 23593, 24137, 25891, 25903, 26227, 26585, 27085, 27232, 27324, 28982, 29089, 29108, 29126, 29127, 29128, 29887, 30061, 30845, 51053, 51085, 51166, 51179, 51191, 51201, 51203, 51266, 51302, 51316, 51360, 51438, 51441, 51491, 51512, 51514, 54443, 54968, 55143, 55165, 55215, 55227, 55247, 55355, 55379, 55388, 55576, 55635, 55723, 55789, 55840, 55870, 55872, 56892, 56992, 57016, 57125, 57393, 57405, 57492, 57509, 57512, 57628, 57733, 57817, 58508, 60487, 64084, 64151, 64399, 64478, 64651, 65010, 79019, 79039, 79574, 79682, 79733, 79742, 79831, 79879, 79968, 80028, 80168, 80178, 80381, 81572, 81610, 81620, 81930, 83394, 83461, 83483, 83540, 83597, 83854, 83875, 83876, 83932, 83940, 84107, 84263, 84735, 84870, 84873, 84879, 84904, 85416, 85445, 85480, 87178, 89885, 90355, 90381, 91937, 112399, 113130, 114804, 114990, 116844, 116966, 117145, 117159, 121256, 121551, 122953, 128239, 128439, 131669, 138009, 139420, 140733, 143941, 146909, 147372, 150468, 153129, 157313, 158038, 164395, 166336, 168002, 168667, 169611, 170392, 170691, 170712, 192286, 196528, 197358, 201163, 220134, 221150, 246329, 259266, 283131, 283600, 283927, 284403, 338005, 339390, 339896, 342945, 374393, 374569, 374955, 378938, 387103, 387775, 389558, 400258, 406906, 407021, 574473, 641371, 653067, 653820, 664612, 693200, 723961, 728655, 100124700, 100126334, 100507436, 105416157]"
213,[2778]
214,"[1026, 1027, 1030, 1031, 4221, 5728, 8314]"
215,"[4626, 5573]"
216,"[1499, 1540, 4595, 5017, 58495]"
218,[2271]
227,"[1026, 1027, 1030, 1031, 4221, 79577]"
228,"[2324, 3791, 84168]"
235,"[1026, 1027, 1030, 1031, 4221, 6392, 7157, 7428, 55654]"
236,[]
237,"[1026, 1027, 1030, 1031, 2034, 4191, 4221, 4763, 4771, 5155, 5728, 5979, 6390, 6391, 6392, 6598, 6752, 7157, 7428, 8216, 8314, 54583, 54949, 55654, 161742]"
238,"[387, 673, 811, 916, 1287, 1288, 1495, 1756, 2294, 2735, 2736, 2737, 3039, 3043, 3340, 3440, 3549, 3716, 3717, 3815, 3845, 4352, 4864, 5156, 5159, 5727, 5925, 6152, 6389, 6390, 6391, 6608, 7048, 7066, 7289, 7428, 8100, 8445, 8643, 9244, 10019, 11127, 23529, 26005, 26160, 26610, 27077, 27107, 27148, 27164, 28996, 29922, 50937, 51098, 51684, 51715, 54790, 55733, 55975, 57545, 64399, 79583, 84662, 84976, 91653, 200728, 204851]"
239,"[332, 595, 841, 1499, 1540, 1956, 2067, 2261, 2475, 3115, 3116, 3280, 3717, 4524, 4609, 4851, 4853, 5457, 5573, 5915, 6774, 6794, 7015, 7422, 7472, 7474, 7528, 8626, 9582, 10401, 11146, 81037, 574503, 100124700, 100126335, 100128252]"
240,[]
242,"[1493, 2638, 4524, 7253, 8635, 10678, 26191, 64135, 84159, 115352]"
243,"[2299, 3766, 5172]"
244,"[716, 1482, 1493, 2304, 5172, 6528, 7038, 7067, 7068, 7080, 7173, 7201, 7253, 7849, 50506, 55143, 389434, 405753]"
245,[]
246,[925]
250,"[32, 111, 154, 196, 208, 355, 367, 412, 467, 488, 489, 596, 598, 635, 673, 718, 834, 836, 841, 847, 857, 875, 894, 948, 958, 968, 969, 1036, 1129, 1356, 1363, 1374, 1401, 1489, 1512, 1535, 1544, 1649, 1889, 1906, 1909, 1910, 1956, 2113, 2641, 2642, 2645, 2646, 2688, 2740, 2778, 2784, 2813, 2820, 2876, 2878, 2888, 2944, 3039, 3087, 3098, 3117, 3119, 3123, 3127, 3159, 3162, 3164, 3172, 3240, 3263, 3290, 3291, 3375, 3383, 3397, 3458, 3479, 3483, 3485, 3559, 3569, 3586, 3597, 3630, 3636, 3643, 3651, 3667, 3672, 3684, 3710, 3767, 3784, 3952, 3953, 3990, 3991, 4000, 4090, 4143, 4160, 4360, 4487, 4544, 4760, 4773, 4790, 4825, 4842, 4843, 4846, 4853, 4968, 5066, 5078, 5080, 5126, 5167, 5184, 5295, 5346, 5360, 5465, 5468, 5506, 5562, 5563, 5573, 5579, 5588, 5629, 5728, 5770, 5891, 5970, 6049, 6277, 6344, 6347, 6364, 6414, 6424, 6462, 6480, 6506, 6513, 6514, 6517, 6556, 6581, 6616, 6647, 6648, 6720, 6721, 6774, 6833, 6927, 6928, 6934, 7040, 7076, 7124, 7132, 7133, 7297, 7325, 7351, 7422, 7466, 7494, 8013, 8527, 8660, 9131, 9332, 9365, 9370, 9479, 9559, 9861, 10018, 10019, 10239, 10296, 10363, 10644, 10891, 11132, 22808, 22866, 23274, 23338, 23411, 26053, 26122, 26191, 26291, 29949, 50604, 50943, 51530, 54901, 55315, 55600, 56729, 56999, 57761, 59338, 60468, 60685, 63892, 63924, 79068, 79661, 80212, 80790, 83795, 83986, 84196, 113835, 114904, 116150, 129787, 132332, 136259, 145741, 157855, 169026, 169792, 221895, 246778, 256297, 283455, 284207, 387082, 388125, 406886, 406903, 406911, 406913, 406914, 406920, 406932, 406933, 406934, 406936, 406957, 406967, 406971, 406983, 406986, 406987, 406988, 406996, 406997, 407006, 407007, 407018, 407029, 407054, 407975, 442893, 442904, 442907, 493856, 494324, 494326, 494335, 574413, 574436, 574451, 619552, 664616, 693120, 693124, 693213, 693235, 100126313, 100126334, 100126351, 100302149, 100302150, 100302174, 100302197, 100302201, 100302232, 100302236, 100302246, 100302263, 100313886, 100422981, 100422991, 100506742, 100616258, 100616323, 102465802, 102466251, 102466270, 102466739]"
251,"[2645, 2746, 3767, 6690, 6833, 11330]"
252,"[846, 2625, 4221, 5741, 6905, 9247, 55503, 79577]"
253,"[190, 359, 551, 554, 558, 695, 1082, 1586, 1588, 1630, 1848, 2000, 2253, 2260, 2488, 2688, 2690, 2778, 2796, 2798, 3730, 3952, 3953, 3972, 5015, 5424, 5578, 5617, 5626, 6657, 6658, 6663, 6866, 6870, 7466, 8820, 8822, 9049, 9095, 9394, 9723, 9915, 10011, 10297, 10371, 23767, 26012, 29072, 54756, 55315, 55636, 55703, 55717, 60675, 64072, 64324, 81848, 83550, 84634, 128674, 203447, 285025, 389549, 493856]"
255,"[190, 326, 1188, 1583, 1584, 1585, 1589, 2516, 2778, 3284, 3758, 4158, 4173, 4306, 5447, 5573, 5972, 6337, 6338, 6340, 6557, 6770, 7809, 8086, 8675, 9563, 10587, 10916, 23530, 26249, 29926, 56246, 60684, 65125, 65266, 149775]"
256,"[668, 1730, 2492]"
257,[3972]
258,[]
259,"[367, 1026, 1027, 1030, 1031, 1280, 3339, 3623, 3625, 3643, 3973, 4221, 4591, 7486]"
260,[]
264,[]
265,[10560]
266,[3141]
267,[]
268,"[1184, 1594, 5251, 7421, 120227]"
269,"[1053, 4337, 4338, 6603]"
270,"[191, 275, 383, 406, 435, 445, 587, 593, 594, 875, 1373, 1491, 1497, 1629, 1738, 2184, 2328, 2531, 2653, 2697, 2707, 2731, 3034, 3081, 3242, 3257, 3889, 4014, 4143, 4157, 4524, 4552, 4644, 4935, 4948, 4952, 5053, 5092, 5495, 5625, 5805, 5860, 5873, 6519, 6821, 6898, 7299, 8074, 8546, 8659, 9056, 9581, 10157, 10165, 10166, 11136, 27232, 51151, 54795, 79083, 79823, 127534, 152926, 340024]"
271,"[175, 178, 189, 229, 1636, 1737, 1798, 2203, 2517, 2538, 2542, 2548, 2582, 2584, 2592, 2632, 2683, 2998, 3795, 3920, 3931, 4123, 4125, 4126, 4247, 4351, 5091, 5160, 5162, 5213, 5256, 5373, 5476, 5836, 5837, 6023, 6476, 6523, 6524, 7139, 7841, 8050, 8813, 9361, 9380, 9526, 10195, 29929, 55343, 55750, 56052, 79053, 79087, 79796, 85365, 91949]"
272,"[19, 208, 335, 336, 337, 338, 344, 345, 348, 427, 857, 950, 1071, 1118, 1593, 1636, 1893, 2053, 2629, 2690, 2717, 3156, 3949, 3988, 3990, 3991, 4000, 4023, 4547, 4668, 4758, 4864, 5346, 5444, 5445, 5468, 6609, 6622, 6648, 8540, 10020, 10555, 10577, 10842, 26119, 26503, 26580, 57192, 63924, 79158, 80025, 84572, 116519, 149998, 255738]"
273,[7018]
274,"[3251, 126133]"
275,"[2, 191, 249, 308, 348, 438, 486, 540, 635, 650, 815, 846, 1175, 1184, 1356, 2591, 2778, 3077, 3569, 3576, 3586, 4015, 4017, 4041, 4713, 5251, 5530, 5532, 5621, 5741, 6622, 6928, 7036, 7076, 7124, 8074, 8675, 9247, 9365, 10686, 30061, 54949, 55811, 56172, 56899, 57817, 140803, 148738]"
276,"[1188, 2937, 3712, 5019, 5095, 5096, 6559, 6584]"
277,"[19, 34, 35, 37, 38, 100, 158, 204, 208, 215, 335, 374, 411, 471, 549, 567, 617, 685, 686, 775, 788, 857, 915, 916, 1080, 1244, 1371, 1374, 1376, 1544, 1644, 1806, 1807, 1962, 2022, 2069, 2212, 2235, 2243, 2588, 2623, 2720, 2799, 2934, 2990, 3028, 3077, 3145, 3156, 3162, 3295, 3373, 3418, 3423, 3425, 3458, 3559, 3561, 3575, 3718, 3981, 3991, 4000, 4069, 4210, 4281, 4535, 4536, 4537, 4598, 4669, 4694, 4700, 4709, 4714, 4715, 4716, 4719, 4720, 4722, 4723, 4724, 4726, 4728, 4729, 5189, 5190, 5191, 5192, 5193, 5194, 5195, 5346, 5468, 5498, 5788, 5824, 5825, 5828, 5830, 5896, 5897, 6023, 6337, 6338, 6340, 6448, 6584, 6648, 6804, 7037, 7040, 7132, 7361, 7389, 7390, 7498, 7535, 8443, 8504, 8540, 8799, 8800, 9409, 9820, 11151, 22802, 23417, 25915, 29078, 50615, 51103, 51164, 51300, 54539, 54658, 54880, 55572, 55636, 55670, 55863, 56922, 60528, 63924, 64087, 64421, 79133, 79944, 80207, 80224, 83987, 91647, 91942, 125988, 126328, 138050, 197322, 374291, 728294]"
278,"[32, 34, 43, 47, 54, 109, 125, 142, 153, 154, 155, 181, 196, 207, 348, 364, 412, 463, 582, 583, 585, 590, 761, 834, 861, 948, 955, 958, 968, 1050, 1066, 1149, 1268, 1350, 1361, 1363, 1401, 1431, 1489, 1520, 1528, 1545, 1571, 1649, 1728, 1806, 1892, 1947, 2033, 2099, 2110, 2120, 2147, 2166, 2180, 2194, 2215, 2309, 2512, 2641, 2673, 2688, 2752, 2778, 2784, 2876, 2878, 3033, 3099, 3148, 3162, 3215, 3290, 3309, 3356, 3358, 3383, 3481, 3485, 3569, 3620, 3630, 3667, 3684, 3778, 3929, 3949, 3952, 3953, 4023, 4160, 4199, 4318, 4329, 4360, 4594, 4808, 4864, 4886, 4889, 4915, 4968, 5054, 5105, 5122, 5167, 5209, 5346, 5367, 5443, 5465, 5467, 5468, 5573, 5577, 5583, 5697, 5743, 5770, 6303, 6347, 6492, 6580, 6581, 6582, 6647, 6648, 6720, 7018, 7037, 7124, 7133, 7350, 7351, 7352, 7385, 7436, 7442, 8165, 8195, 8431, 8522, 8644, 8800, 8801, 8803, 8856, 9194, 9332, 9370, 9607, 9672, 9970, 10135, 10411, 10743, 10806, 10840, 22852, 23011, 23040, 23216, 23217, 23410, 23411, 23788, 25970, 26291, 27125, 27241, 51043, 51129, 51181, 51738, 54205, 54903, 55212, 55277, 55690, 56603, 56623, 64756, 79047, 79068, 79661, 79738, 84100, 84295, 89780, 112609, 114294, 123016, 129787, 129880, 132789, 133522, 147495, 151742, 157680, 166379, 169841, 196475, 257194, 283455, 406919, 406920, 406960, 406991, 407040]"
279,"[100, 326, 355, 356, 421, 567, 717, 841, 843, 958, 959, 1277, 1289, 1290, 1312, 1399, 1714, 2253, 2812, 3507, 3561, 3718, 3981, 4261, 4893, 5199, 5580, 5896, 5897, 5993, 5994, 6239, 6890, 6891, 6892, 6899, 7128, 7290, 7353, 7374, 7454, 7456, 8214, 8220, 8625, 9632, 9993, 10125, 23495, 54487, 57379, 64421, 221037]"
280,[]
281,"[19, 335, 2694, 6208, 7372, 8029, 81693]"
282,"[286, 546, 1528, 1586, 3043, 3209, 5009]"
283,"[669, 2729, 2937, 3075, 3078, 4311, 5336, 10878, 58484, 114548]"
284,"[675, 1437, 1440, 2175, 2176, 2177, 2178, 2187, 2188, 3458, 4683, 5551, 7015, 51119, 51324, 83990]"
285,"[22, 2056, 2623, 4891, 5313, 6005, 6006, 6007, 6223, 10483, 10661, 51251, 51816, 84529, 146059]"
286,"[2155, 2157, 2158, 2159, 2161, 2243, 2244, 2266, 2677, 3827, 3998, 5345, 7450, 8647, 79001, 90411]"
287,"[207, 324, 811, 960, 1592, 1956, 2153, 2328, 2811, 2812, 2815, 3674, 3690, 3700, 4163, 4352, 4437, 4595, 4913, 5743, 6648, 7066, 7276, 7454, 22852, 26585, 116844]"
288,"[1130, 1535, 1536, 1991, 2539, 2672, 3689, 3930, 4627, 4688, 5156, 5551, 6729, 7454, 7852, 10312, 51119, 55135, 79631, 81608, 83706, 134218, 201294, 653361]"
289,"[1528, 1727, 1738, 2056, 2057, 3039, 3043, 3091, 3717, 5313, 10019, 64240, 64241, 112398]"
290,"[4854, 5654]"
291,[]
294,"[125, 177, 199, 217, 1906, 2026, 2629, 2670, 2896, 3480, 3481, 3482, 3630, 3643, 4099, 4133, 4137, 4803, 4914, 4915, 5663, 6620, 6622, 6648, 7054, 8678, 9445, 10891, 23435, 25978, 54209, 203228]"
295,"[1, 19, 43, 52, 60, 104, 113, 116, 117, 132, 133, 134, 135, 148, 150, 159, 175, 177, 182, 207, 216, 218, 221, 238, 239, 288, 321, 324, 337, 347, 348, 350, 355, 361, 392, 421, 427, 468, 472, 488, 551, 552, 573, 595, 596, 607, 627, 637, 672, 685, 688, 694, 713, 774, 775, 778, 780, 783, 793, 816, 836, 837, 857, 875, 885, 886, 890, 894, 989, 995, 998, 1020, 1028, 1068, 1103, 1108, 1111, 1113, 1114, 1116, 1128, 1129, 1132, 1133, 1136, 1137, 1138, 1139, 1141, 1152, 1191, 1234, 1267, 1268, 1269, 1270, 1281, 1312, 1356, 1385, 1392, 1400, 1401, 1432, 1437, 1438, 1439, 1454, 1463, 1493, 1496, 1499, 1501, 1506, 1513, 1544, 1565, 1571, 1576, 1577, 1610, 1627, 1630, 1636, 1735, 1739, 1740, 1741, 1742, 1745, 1759, 1786, 1789, 1806, 1812, 1813, 1814, 1815, 1902, 1948, 1959, 1960, 1961, 1965, 1983, 1993, 2011, 2018, 2019, 2020, 2026, 2053, 2065, 2066, 2099, 2100, 2147, 2171, 2173, 2203, 2247, 2260, 2263, 2332, 2346, 2414, 2475, 2530, 2534, 2550, 2554, 2557, 2558, 2559, 2560, 2561, 2562, 2563, 2566, 2569, 2571, 2572, 2596, 2638, 2643, 2647, 2668, 2670, 2674, 2676, 2694, 2703, 2729, 2739, 2752, 2774, 2775, 2778, 2784, 2823, 2847, 2870, 2873, 2885, 2887, 2890, 2891, 2892, 2893, 2894, 2896, 2897, 2898, 2899, 2900, 2901, 2903, 2904, 2905, 2906, 2908, 2911, 2912, 2913, 2914, 2915, 2917, 2918, 2931, 2932, 2934, 2938, 2944, 2946, 2950, 2952, 2953, 3008, 3009, 3014, 3029, 3061, 3065, 3066, 3084, 3094, 3098, 3105, 3106, 3107, 3119, 3123, 3133, 3137, 3159, 3162, 3240, 3269, 3303, 3304, 3305, 3313, 3350, 3355, 3356, 3358, 3359, 3360, 3361, 3362, 3363, 3383, 3416, 3458, 3481, 3553, 3558, 3559, 3561, 3562, 3563, 3565, 3569, 3570, 3586, 3587, 3593, 3606, 3613, 3632, 3684, 3690, 3697, 3699, 3714, 3720, 3725, 3745, 3757, 3760, 3782, 3785, 3786, 3790, 3791, 3796, 3836, 3839, 3843, 3908, 3927, 3934, 3952, 3977, 4009, 4010, 4023, 4035, 4036, 4045, 4049, 4090, 4099, 4128, 4129, 4135, 4154, 4155, 4161, 4190, 4192, 4200, 4233, 4277, 4297, 4308, 4314, 4318, 4340, 4482, 4522, 4524, 4538, 4543, 4548, 4645, 4650, 4684, 4693, 4719, 4723, 4729, 4747, 4762, 4804, 4835, 4837, 4842, 4852, 4855, 4861, 4862, 4886, 4900, 4908, 4914, 4915, 4916, 4922, 4923, 4929, 4976, 4978, 4988, 5020, 5021, 5048, 5053, 5062, 5074, 5080, 5100, 5105, 5108, 5116, 5127, 5141, 5142, 5144, 5159, 5173, 5174, 5243, 5245, 5274, 5289, 5290, 5291, 5297, 5305, 5309, 5319, 5321, 5327, 5340, 5348, 5354, 5362, 5371, 5375, 5444, 5465, 5478, 5533, 5534, 5578, 5594, 5595, 5599, 5609, 5617, 5625, 5649, 5662, 5664, 5733, 5742, 5743, 5770, 5777, 5786, 5803, 5816, 5914, 5947, 5970, 5978, 5997, 6002, 6007, 6280, 6285, 6311, 6347, 6389, 6426, 6470, 6482, 6505, 6506, 6507, 6511, 6529, 6530, 6531, 6532, 6536, 6538, 6539, 6558, 6570, 6571, 6586, 6595, 6620, 6648, 6660, 6663, 6667, 6671, 6712, 6716, 6720, 6721, 6750, 6804, 6812, 6853, 6854, 6855, 6863, 6870, 6890, 6891, 6892, 6899, 6908, 6925, 6934, 6999, 7018, 7040, 7052, 7057, 7097, 7098, 7099, 7101, 7103, 7122, 7124, 7132, 7133, 7148, 7157, 7166, 7167, 7178, 7299, 7351, 7353, 7432, 7434, 7436, 7444, 7447, 7494, 7515, 7518, 7531, 7546, 7625, 7781, 7804, 7976, 8038, 8128, 8204, 8214, 8220, 8224, 8295, 8315, 8379, 8398, 8443, 8490, 8516, 8528, 8553, 8564, 8605, 8633, 8678, 8741, 8787, 8809, 8831, 8835, 8841, 8843, 8851, 8854, 8929, 8932, 8940, 8991, 9019, 9145, 9152, 9168, 9177, 9201, 9223, 9228, 9229, 9248, 9253, 9332, 9342, 9348, 9369, 9373, 9378, 9379, 9415, 9444, 9455, 9456, 9463, 9481, 9508, 9575, 9588, 9600, 9638, 9644, 9699, 9722, 9732, 9734, 9739, 9743, 9759, 9783, 9821, 9826, 9863, 9869, 9900, 9901, 9943, 9947, 9968, 9993, 10048, 10097, 10151, 10215, 10279, 10280, 10326, 10327, 10369, 10371, 10400, 10602, 10611, 10641, 10644, 10645, 10659, 10664, 10675, 10678, 10718, 10743, 10752, 10772, 10806, 10814, 10815, 10859, 10891, 11099, 11167, 11278, 11337, 22850, 22854, 22871, 22874, 22904, 22906, 23026, 23040, 23043, 23114, 23191, 23208, 23209, 23228, 23236, 23237, 23245, 23305, 23339, 23362, 23394, 23395, 23405, 23411, 23413, 23500, 23551, 23600, 23621, 23731, 23774, 23780, 25830, 26011, 26047, 26053, 26223, 26468, 26528, 27013, 27020, 27037, 27087, 27091, 27115, 27121, 27122, 27184, 27185, 27189, 27201, 27253, 27306, 27349, 29115, 29801, 29947, 29949, 29968, 30816, 50632, 50944, 51090, 51150, 51299, 51473, 51586, 51734, 51735, 53335, 53826, 54210, 54407, 54487, 54584, 54659, 54719, 54805, 54806, 54808, 54820, 54986, 55163, 55193, 55206, 55213, 55300, 55626, 55717, 55733, 55737, 55741, 55752, 55784, 55808, 55824, 55879, 56301, 56990, 57030, 57084, 57088, 57128, 57142, 57188, 57468, 57532, 57555, 57576, 58510, 59283, 60493, 63826, 63876, 64067, 64288, 64478, 64850, 65018, 65078, 65267, 79080, 79137, 79837, 80025, 80312, 80323, 80832, 81033, 81562, 81565, 81567, 81792, 83999, 84062, 84148, 84152, 84466, 84539, 84547, 84628, 84678, 84687, 84867, 84952, 85358, 85439, 85458, 86123, 89781, 89796, 89832, 90139, 90141, 90273, 90952, 91752, 93663, 93664, 93986, 114781, 114784, 115111, 115207, 116285, 116369, 116443, 118490, 119749, 121278, 127933, 131177, 134829, 134864, 135152, 140902, 146279, 147657, 147929, 149111, 149420, 151295, 154664, 161436, 166378, 169166, 200909, 200933, 202333, 203062, 203228, 219790, 220988, 221393, 222698, 223117, 246744, 255101, 255239, 259173, 259217, 266553, 266727, 266743, 267012, 282617, 282706, 284217, 285242, 338442, 339230, 347730, 348327, 387032, 387129, 387509, 388552, 400765, 406901, 406928, 406952, 406961, 406989, 407003, 407034, 442721, 442900, 442901, 442911, 449489, 494331, 574451, 574456, 594857, 613212, 619465, 641372, 692200, 100131814, 100137049, 100188856, 100302690, 100303453, 100616452, 100616496]"
296,"[52, 111, 113, 135, 148, 213, 290, 317, 353, 406, 408, 410, 540, 551, 595, 607, 613, 624, 627, 655, 775, 815, 847, 886, 947, 1005, 1029, 1267, 1268, 1269, 1312, 1385, 1392, 1393, 1394, 1401, 1407, 1408, 1439, 1440, 1493, 1501, 1523, 1557, 1559, 1565, 1621, 1636, 1644, 1740, 1741, 1742, 1813, 1814, 1815, 1816, 1906, 1950, 1956, 1975, 2012, 2028, 2065, 2100, 2182, 2247, 2260, 2288, 2289, 2332, 2475, 2495, 2512, 2537, 2571, 2572, 2587, 2668, 2670, 2697, 2739, 2782, 2784, 2891, 2900, 2908, 2911, 2915, 2917, 2931, 2932, 3091, 3131, 3164, 3240, 3303, 3304, 3305, 3320, 3350, 3351, 3356, 3358, 3359, 3363, 3439, 3440, 3458, 3553, 3558, 3559, 3569, 3589, 3627, 3630, 3665, 3697, 3776, 3791, 3839, 3939, 3952, 4035, 4045, 4074, 4128, 4129, 4133, 4194, 4282, 4306, 4317, 4353, 4524, 4684, 4723, 4729, 4745, 4747, 4842, 4852, 4862, 4886, 4908, 4915, 4916, 4929, 4939, 5020, 5021, 5054, 5074, 5116, 5141, 5173, 5209, 5243, 5340, 5443, 5444, 5579, 5604, 5649, 5692, 5743, 5801, 5806, 5972, 5978, 6095, 6281, 6285, 6303, 6347, 6369, 6403, 6446, 6511, 6530, 6532, 6540, 6586, 6616, 6647, 6648, 6662, 6750, 6755, 6844, 6863, 6999, 7008, 7015, 7024, 7038, 7054, 7124, 7166, 7200, 7297, 7422, 7498, 7704, 7804, 7905, 8484, 8564, 8682, 8811, 8842, 8863, 8997, 9048, 9177, 9248, 9444, 9456, 9568, 9572, 9575, 9632, 9636, 9641, 9695, 9734, 9771, 9968, 10014, 10193, 10270, 10452, 10522, 10611, 10855, 10964, 11009, 23040, 23236, 23705, 25890, 26047, 27022, 27136, 27184, 27185, 27445, 30009, 30845, 50604, 50863, 50940, 51083, 51284, 51291, 51573, 51593, 51738, 54541, 54862, 55117, 55784, 55830, 56267, 57084, 60482, 60675, 64067, 64077, 64854, 65018, 65059, 84062, 85458, 93986, 94233, 114131, 116285, 121278, 140947, 145270, 160851, 166752, 202333, 267012, 407034, 100302259, 100303453]"
299,"[18, 36, 40, 100, 133, 154, 158, 324, 361, 367, 438, 547, 551, 552, 596, 627, 686, 721, 760, 775, 796, 847, 1007, 1008, 1106, 1108, 1137, 1139, 1141, 1153, 1312, 1356, 1588, 1600, 1610, 1636, 1717, 1718, 1719, 1734, 1735, 1742, 1745, 1746, 1788, 1789, 1804, 1806, 1812, 1814, 1950, 1959, 1977, 2020, 2053, 2131, 2332, 2550, 2554, 2555, 2556, 2557, 2558, 2560, 2562, 2571, 2690, 2697, 2739, 2742, 2876, 2890, 2898, 2903, 2904, 2918, 2944, 2950, 2969, 3002, 3069, 3077, 3105, 3123, 3198, 3237, 3265, 3346, 3351, 3352, 3356, 3359, 3361, 3458, 3479, 3481, 3486, 3557, 3558, 3565, 3567, 3569, 3586, 3596, 3600, 3628, 3676, 3690, 3720, 3751, 3778, 3912, 3927, 3952, 4128, 4129, 4139, 4163, 4204, 4208, 4233, 4282, 4520, 4524, 4543, 4544, 4642, 4763, 4843, 4862, 4897, 4908, 4909, 4915, 4923, 4929, 5020, 5021, 5053, 5054, 5067, 5071, 5080, 5101, 5141, 5142, 5175, 5187, 5294, 5307, 5321, 5329, 5443, 5444, 5551, 5579, 5595, 5617, 5618, 5649, 5728, 5743, 5915, 6091, 6092, 6095, 6134, 6262, 6323, 6332, 6343, 6433, 6505, 6507, 6532, 6535, 6567, 6573, 6638, 6660, 6662, 6779, 6804, 6907, 6948, 6999, 7018, 7133, 7248, 7249, 7328, 7337, 7399, 7432, 7436, 7472, 7498, 7508, 7812, 8128, 8216, 8242, 8295, 8604, 8828, 8831, 8912, 8930, 9013, 9024, 9025, 9037, 9147, 9228, 9248, 9320, 9369, 9378, 9379, 9568, 9732, 9820, 9855, 10319, 10716, 10743, 10765, 10771, 11141, 11281, 22871, 22941, 22999, 23036, 23040, 23078, 23152, 23178, 23181, 23245, 23394, 23462, 23705, 25942, 26047, 26056, 26470, 26523, 26960, 27044, 27086, 27185, 27347, 28514, 29091, 29123, 30061, 50944, 51725, 51733, 53615, 54221, 54413, 54538, 54551, 54674, 54715, 54738, 54806, 54888, 55217, 55879, 55904, 57194, 57502, 57575, 57616, 57628, 57680, 57705, 64221, 64324, 64326, 79641, 79718, 79742, 80312, 80821, 83943, 83992, 84148, 85358, 85458, 93664, 93986, 95681, 114788, 116442, 116987, 121278, 128239, 139411, 140733, 151531, 151556, 152330, 152789, 170572, 192683, 200150, 200424, 205428, 221035, 221037, 285175, 285195, 347731, 349075, 406900, 407010, 619554]"
300,[6777]
301,"[887, 3218, 3352, 3356, 6532, 26050]"
302,[]
303,"[9, 28, 111, 113, 124, 125, 126, 127, 128, 130, 131, 150, 216, 217, 222, 238, 348, 367, 410, 460, 627, 635, 815, 833, 847, 885, 886, 1003, 1006, 1007, 1008, 1009, 1010, 1012, 1013, 1016, 1080, 1109, 1129, 1136, 1137, 1138, 1142, 1143, 1268, 1269, 1312, 1385, 1392, 1393, 1394, 1496, 1553, 1555, 1571, 1621, 1636, 1808, 1812, 1813, 1814, 1815, 1892, 1950, 1956, 2030, 2033, 2046, 2052, 2169, 2185, 2289, 2348, 2488, 2534, 2550, 2554, 2555, 2558, 2559, 2560, 2561, 2562, 2565, 2566, 2567, 2569, 2570, 2571, 2596, 2597, 2626, 2670, 2678, 2688, 2693, 2736, 2752, 2897, 2899, 2902, 2903, 2904, 2911, 2912, 2913, 2917, 2918, 3066, 3122, 3146, 3176, 3350, 3351, 3356, 3358, 3359, 3363, 3553, 3557, 3569, 3586, 3605, 3763, 3839, 3952, 3972, 4128, 4129, 4155, 4313, 4318, 4336, 4340, 4524, 4676, 4684, 4790, 4835, 4852, 4887, 4889, 4898, 4915, 4922, 4923, 4929, 4985, 4986, 4987, 4988, 5002, 5020, 5142, 5173, 5295, 5443, 5726, 5924, 5972, 5981, 5992, 5999, 6303, 6462, 6506, 6529, 6530, 6531, 6532, 6571, 6622, 6625, 6715, 6716, 6863, 6869, 6870, 7018, 7021, 7054, 7086, 7157, 7166, 7200, 7262, 7450, 7520, 7803, 7804, 7971, 8462, 8484, 8644, 8777, 8836, 8863, 8910, 9037, 9095, 9177, 9369, 9531, 9575, 9607, 9674, 9705, 9709, 10243, 10280, 10327, 10399, 10420, 10438, 10846, 11024, 23174, 23189, 23237, 23469, 23552, 25976, 26047, 26503, 26523, 27123, 27161, 27255, 28232, 29114, 50628, 50833, 51083, 51194, 51294, 51324, 54360, 54970, 55833, 56311, 56923, 57001, 57453, 57502, 57575, 57817, 63876, 64682, 79068, 79570, 80731, 84152, 84251, 85439, 113201, 113235, 114879, 152330, 154215, 255239, 347735, 374879, 387129, 387357, 400359, 494331, 594857, 677833]"
304,"[627, 1136, 1137, 1138, 1142, 1548, 1555, 3094, 6531, 8973, 9568, 112398]"
307,[]
311,"[52, 111, 113, 135, 148, 213, 290, 317, 353, 406, 408, 410, 540, 551, 595, 607, 613, 624, 627, 655, 775, 815, 847, 886, 947, 1005, 1029, 1267, 1268, 1269, 1312, 1385, 1392, 1393, 1394, 1401, 1407, 1408, 1439, 1440, 1493, 1501, 1523, 1557, 1559, 1565, 1621, 1636, 1644, 1740, 1741, 1742, 1813, 1814, 1815, 1816, 1906, 1950, 1956, 1975, 2012, 2028, 2065, 2100, 2182, 2247, 2260, 2288, 2289, 2332, 2475, 2495, 2512, 2537, 2571, 2572, 2587, 2668, 2670, 2697, 2739, 2782, 2784, 2891, 2900, 2908, 2911, 2915, 2917, 2931, 2932, 3091, 3131, 3164, 3240, 3303, 3304, 3305, 3320, 3350, 3351, 3356, 3358, 3359, 3363, 3439, 3440, 3458, 3553, 3558, 3559, 3569, 3589, 3627, 3630, 3665, 3697, 3776, 3791, 3839, 3939, 3952, 4035, 4045, 4074, 4128, 4129, 4133, 4194, 4282, 4306, 4317, 4353, 4524, 4684, 4723, 4729, 4745, 4747, 4842, 4852, 4862, 4886, 4908, 4915, 4916, 4929, 4939, 5020, 5021, 5054, 5074, 5116, 5141, 5173, 5209, 5243, 5340, 5443, 5444, 5579, 5604, 5649, 5692, 5743, 5801, 5806, 5972, 5978, 6095, 6281, 6285, 6303, 6347, 6369, 6403, 6446, 6511, 6530, 6532, 6540, 6586, 6616, 6647, 6648, 6662, 6750, 6755, 6844, 6863, 6999, 7008, 7015, 7024, 7038, 7054, 7124, 7166, 7200, 7297, 7422, 7498, 7704, 7804, 7905, 8484, 8564, 8682, 8811, 8842, 8863, 8997, 9048, 9177, 9248, 9444, 9456, 9568, 9572, 9575, 9632, 9636, 9641, 9695, 9734, 9771, 9968, 10014, 10193, 10270, 10452, 10522, 10611, 10855, 10964, 11009, 23040, 23236, 23705, 25890, 26047, 27022, 27136, 27184, 27185, 27445, 30009, 30845, 50604, 50863, 50940, 51083, 51284, 51291, 51573, 51593, 51738, 54541, 54862, 55117, 55784, 55830, 56267, 57084, 60482, 60675, 64067, 64077, 64854, 65018, 65059, 84062, 85458, 93986, 94233, 114131, 116285, 121278, 140947, 145270, 160851, 166752, 202333, 267012, 407034, 100302259, 100303453]"
314,"[412, 1137, 1141, 1268, 1312, 1813, 1815, 1816, 2245, 2911, 2915, 2917, 2918, 5789, 6531, 6869, 9969, 23036, 23152, 23284, 28964, 50632, 57412, 121278]"
319,"[351, 2182, 2245, 2332, 2334, 3054, 3481, 3897, 4983, 5063, 5324, 6535, 6567, 6611, 6658, 8091, 8242, 8492, 9459, 10020, 10084, 24140, 26503, 51185, 54413, 84295, 170302, 347344]"
322,[]
323,"[387, 1282, 1436, 1806, 1967, 4524, 4548, 6342, 6696, 6948, 8890, 8891, 8892, 8893, 23209, 220296]"
327,"[429, 627, 1908, 2668, 5340, 5979, 8929, 283446]"
330,"[142, 387, 410, 443, 617, 1200, 1201, 1203, 1282, 1352, 1355, 1436, 1738, 1806, 1892, 1959, 1967, 2055, 2290, 2581, 2670, 2760, 2932, 3073, 3074, 4204, 4508, 4524, 4537, 4540, 4541, 4548, 4694, 4695, 4704, 4705, 4719, 4720, 4722, 4723, 4724, 4728, 4729, 5160, 5428, 5538, 5594, 5595, 5660, 5770, 6198, 6342, 6389, 6696, 6792, 6812, 6834, 6855, 6948, 7019, 8802, 8803, 8890, 8891, 8892, 8893, 9568, 9997, 10128, 10228, 10667, 10891, 22854, 23400, 23411, 23474, 25973, 27089, 51024, 51204, 54902, 54982, 55037, 55572, 55669, 55699, 55967, 57107, 79731, 80704, 84340, 85476, 91942, 137682, 285362, 374291, 100131801, 100303755]"
331,"[2, 43, 102, 267, 274, 341, 348, 351, 421, 498, 581, 590, 596, 627, 801, 836, 945, 1139, 1141, 1191, 1200, 1282, 1312, 1378, 1392, 1471, 1565, 1605, 1636, 1718, 1808, 1965, 2023, 2041, 2099, 2147, 2218, 2932, 3077, 3127, 3162, 3416, 3479, 3480, 3481, 3482, 3553, 3630, 3635, 3643, 3897, 3952, 4129, 4137, 4353, 4524, 4846, 4852, 5328, 5336, 5468, 5621, 5649, 5663, 5664, 5697, 5819, 5979, 6517, 6648, 6653, 7018, 7019, 7124, 7167, 7305, 7422, 7447, 7782, 8301, 8633, 9215, 9510, 9968, 10329, 10347, 10452, 10585, 10857, 10858, 11041, 22930, 22931, 23237, 23385, 23607, 23621, 25782, 25825, 26330, 27328, 29925, 29954, 51225, 51338, 51741, 54209, 55624, 55676, 57091, 79147, 80025, 84197, 84892, 124152, 128637, 148789, 406892, 406938, 407022, 442914, 494324, 574508, 729920, 768218, 100126333, 100170222, 100500871, 100616367]"
332,"[126, 142, 216, 478, 1639, 1644, 1813, 2629, 2668, 2747, 2936, 4137, 4803, 4929, 5071, 5173, 5368, 5428, 5580, 5617, 6311, 6315, 6571, 6622, 6908, 7054, 8575, 8854, 9627, 11315, 23317, 23400, 27429, 29058, 55532, 65018, 120892]"
333,"[111, 478, 506, 785, 1181, 1268, 1678, 1728, 1813, 1816, 1827, 1861, 2030, 2166, 2512, 2554, 2563, 2566, 2596, 2643, 2668, 2923, 3064, 3162, 3309, 3312, 3786, 4001, 4054, 4128, 4129, 4763, 4968, 5034, 5354, 5376, 5443, 5605, 5621, 5649, 6323, 6324, 6326, 6335, 6515, 6530, 6697, 6812, 6908, 7054, 7080, 7504, 8629, 8910, 9131, 9254, 9693, 10525, 22858, 23230, 25953, 27327, 29995, 51083, 51447, 56616, 57338, 57526, 79734, 80704, 114327, 140767, 317714, 401474]"
334,"[291, 472, 506, 773, 1356, 1728, 2259, 2296, 2395, 2672, 2895, 2911, 2923, 3162, 3236, 3309, 3312, 3897, 4287, 4311, 4359, 4361, 5034, 5111, 5376, 5428, 5521, 5582, 6310, 6311, 6314, 6315, 6712, 6908, 7222, 8913, 9711, 9896, 10273, 10525, 10528, 10939, 11232, 22880, 23111, 23152, 25814, 26580, 30061, 50484, 51567, 51741, 55129, 55280, 55775, 56652, 57231, 57410, 59341, 60481, 79876, 84991, 90678, 91137, 146057, 146227, 200403, 255928, 338435, 342371, 343641, 440193, 724066]"
335,"[331, 367, 598, 682, 794, 834, 924, 968, 1191, 1270, 1387, 1471, 1509, 1639, 1778, 2251, 2326, 2353, 2554, 2617, 2637, 2664, 2670, 2892, 3297, 3508, 3718, 3727, 3797, 3949, 4671, 4744, 5154, 5179, 5444, 5630, 6256, 6404, 6464, 6606, 6607, 6615, 6647, 7074, 7090, 7114, 7124, 7431, 7476, 9118, 9217, 10736, 11160, 26039, 26580, 27040, 56893, 57679, 65055, 120237, 170825, 340990]"
337,"[8518, 9517, 10558]"
340,[]
341,"[1280, 1302]"
342,"[477, 478]"
343,[]
345,"[785, 818, 846, 950, 1106, 1137, 1141, 1181, 1476, 1759, 1822, 2475, 2554, 2563, 2566, 2775, 3746, 3778, 3785, 3786, 4758, 5274, 5376, 5443, 5621, 5649, 6323, 6324, 6326, 6335, 6513, 6812, 6853, 7248, 7249, 7957, 8869, 9091, 9211, 9570, 9681, 9693, 10715, 10939, 26278, 27327, 54982, 56978, 57465, 57468, 57526, 64780, 79751, 84823, 114327, 144165, 150094, 170302, 348980, 378884, 401474]"
346,"[477, 773, 796, 1282, 1909, 2099, 3356, 4035, 4854, 7048, 7124, 9457, 55879, 63976, 79054, 79783]"
347,[3060]
348,"[207, 210, 1471, 1476, 1514, 2720, 2760, 3073, 3280, 4771, 5155, 5241, 5274, 5728, 6598, 6605, 6608, 7486, 8028, 8314, 9314, 10188, 23474, 51684, 81603, 84231]"
349,[]
351,"[8481, 26005]"
352,[]
353,[]
354,[]
355,"[547, 1786, 1959, 3315, 4359, 4803, 4914, 5376, 6335, 6336, 9517, 10558, 11280, 25923, 26353, 51062, 54463, 65125]"
356,"[1785, 1890, 1959, 2617, 2705, 3236, 3315, 4137, 4336, 4359, 4747, 5189, 5191, 5193, 5264, 5376, 5428, 5828, 5830, 5981, 6427, 6434, 7879, 8139, 8898, 9451, 9516, 9517, 9896, 9927, 10228, 10397, 10558, 22880, 23064, 23095, 23600, 50484, 54332, 55670, 56704, 57716, 59341, 79628, 81846, 90678, 91137]"
358,[1145]
359,"[58, 176, 274, 291, 487, 779, 825, 859, 920, 1026, 1180, 1281, 1291, 1292, 1293, 1303, 1376, 1410, 1482, 1605, 1634, 1674, 1756, 1760, 1785, 2006, 2218, 2483, 2953, 3178, 3181, 3304, 3308, 3679, 3908, 4060, 4154, 4534, 4618, 4620, 4625, 4703, 5224, 5339, 5428, 6261, 6329, 6347, 6442, 6443, 6444, 6445, 6786, 7040, 7138, 7169, 7170, 7273, 7415, 7555, 8106, 8291, 8425, 8557, 8878, 9215, 9499, 10008, 10020, 10329, 10585, 10631, 11041, 11232, 22947, 22954, 23347, 29925, 29954, 29967, 50484, 51099, 55624, 56652, 57190, 64419, 79147, 84197, 84876, 84892, 124093, 148789, 729920, 100134444, 100288687, 101060691]"
361,"[6247, 80781]"
362,"[24, 196, 348, 403, 582, 583, 755, 762, 778, 1121, 1201, 1258, 1259, 1261, 1406, 1495, 2202, 2652, 2978, 2979, 3000, 3075, 3078, 3419, 3420, 3426, 3614, 3617, 3698, 4117, 4166, 4693, 4751, 4901, 5145, 5148, 5158, 5949, 5950, 5956, 5959, 5961, 5995, 6010, 6017, 6094, 6100, 6101, 6102, 6103, 6121, 6295, 6785, 7274, 7275, 7287, 7399, 7401, 7439, 7867, 8100, 8481, 8754, 8842, 9094, 9128, 9129, 9227, 9364, 9696, 9742, 9785, 10002, 10004, 10210, 10265, 10461, 10516, 10594, 10878, 11333, 22926, 22999, 23020, 23093, 23370, 23418, 23568, 23746, 24148, 25794, 26090, 26121, 26160, 28982, 49855, 50939, 54714, 54806, 55213, 55624, 55812, 55857, 55975, 56952, 57096, 57670, 57709, 60509, 64218, 64802, 79797, 79947, 80169, 83394, 83872, 84100, 84140, 84255, 84839, 92211, 92840, 93589, 114902, 123016, 128338, 130557, 138050, 145226, 149647, 157657, 167691, 169522, 221960, 282809, 285440, 346007, 375298, 388939, 390595, 399823, 768206]"
363,"[1121, 23418]"
365,"[857, 858, 1545, 2296, 4053, 4653, 4976, 5743, 6311, 7010, 7159, 10133, 10587, 54499, 64778, 134430, 169792, 100048912]"
366,"[1409, 1411, 1414, 1415, 1420, 1421, 2700, 2703, 3299, 4094, 4810, 5309, 7431, 8419]"
367,[]
368,"[611, 778, 1261, 1301, 2652, 2779, 2780, 2784, 2916, 4308, 4901, 5149, 5158, 5956, 6010, 6011, 6017, 6295, 9187, 10002, 22926, 54714, 60506, 345193, 440435]"
370,[5080]
371,"[19, 335, 1296, 3850, 3859, 3931, 4070, 6935, 7045, 7078, 9663, 11081, 30813, 58495, 79977, 200576, 285440]"
374,"[668, 8626]"
377,"[4976, 5080, 10059, 80207]"
378,"[1123, 1630, 1641, 2316, 4335, 9935, 23327, 55780, 57167, 64221]"
379,[]
380,[]
382,[]
386,[]
387,[]
389,"[71, 491, 1302, 1687, 1690, 1729, 1834, 2070, 2299, 2706, 2707, 3035, 3766, 4575, 4627, 4640, 4641, 4646, 4647, 5172, 5456, 5459, 7007, 7399, 7401, 7466, 9132, 9381, 10083, 10804, 22901, 25861, 51168, 53904, 64072, 64699, 65217, 79784, 79955, 79977, 83715, 84059, 84131, 117531, 124590, 146183, 161497, 259236]"
401,"[111, 118, 183, 185, 208, 308, 355, 467, 481, 488, 489, 596, 598, 635, 673, 718, 836, 841, 847, 875, 894, 1036, 1356, 1374, 1535, 1544, 1577, 1636, 1889, 1906, 1909, 1910, 1956, 2052, 2113, 2321, 2641, 2642, 2645, 2646, 2740, 2784, 2813, 2820, 2876, 2888, 2944, 3039, 3075, 3087, 3098, 3127, 3159, 3162, 3172, 3240, 3263, 3291, 3375, 3383, 3397, 3426, 3597, 3624, 3630, 3636, 3643, 3651, 3667, 3672, 3767, 3779, 3784, 3952, 3953, 3990, 4090, 4143, 4179, 4306, 4544, 4760, 4773, 4790, 4825, 4843, 4846, 4853, 4968, 5054, 5066, 5078, 5080, 5126, 5167, 5184, 5465, 5468, 5506, 5573, 5579, 5629, 5740, 5770, 5891, 5970, 6049, 6277, 6337, 6344, 6424, 6462, 6480, 6506, 6513, 6514, 6517, 6581, 6616, 6647, 6648, 6833, 6927, 6928, 6934, 7040, 7076, 7124, 7132, 7133, 7325, 7351, 7466, 8490, 8527, 8660, 9365, 9370, 9479, 9559, 9861, 10018, 10239, 10296, 10363, 10644, 10699, 10891, 11132, 22808, 22866, 23338, 23411, 23526, 23564, 26053, 26122, 26291, 50632, 51530, 54901, 55600, 56729, 56999, 59338, 60685, 63892, 79068, 80212, 80790, 83795, 83986, 84196, 113835, 116150, 129787, 132332, 136259, 145741, 157855, 169026, 169792, 219736, 221895, 283455, 388125, 406886, 406903, 406911, 406913, 406914, 406920, 406932, 406933, 406934, 406936, 406957, 406967, 406971, 406983, 406986, 406987, 406988, 406996, 406997, 407006, 407007, 407018, 407029, 407054, 407975, 442893, 442904, 442907, 493856, 494324, 494326, 494335, 574413, 574436, 574451, 619552, 664616, 693120, 693124, 693213, 693235, 100126313, 100126334, 100126351, 100302149, 100302150, 100302174, 100302197, 100302201, 100302232, 100302236, 100302246, 100302263, 100313886, 100422981, 100422991, 100616258, 100616323, 101101692, 102465802, 102466251, 102466270, 102466739]"
403,[]
405,"[3291, 5573]"
410,"[2099, 2155, 2162, 2729, 2730, 3690]"
413,[]
414,"[19, 336, 337, 338, 345, 348, 1071, 2053, 2690, 3156, 3949, 3990, 4023, 4205, 5444, 5445, 10842]"
416,"[94, 658, 659, 857, 2034, 3065, 3741, 3777, 4086, 4089, 4093, 7428, 9496, 9759, 10014, 440275]"
424,[]
425,"[70, 153, 154, 291, 355, 356, 472, 859, 948, 1376, 1440, 1482, 1499, 1674, 1756, 1832, 1837, 1956, 2070, 2194, 2632, 2876, 3077, 3688, 3728, 4000, 4306, 4594, 4607, 4624, 4625, 4633, 4634, 4878, 4879, 5095, 5096, 5663, 5664, 5879, 5894, 5973, 6389, 6444, 6462, 6584, 6648, 6934, 7112, 7137, 7139, 7168, 7273, 7350, 7840, 8048, 8313, 8557, 10060, 25974, 51422, 55759, 57104, 64651, 85366, 137735, 150094]"
426,"[287, 1482, 2697, 3753, 3759, 3762, 3784, 6324, 6331, 51422, 54795, 78987]"
427,"[287, 801, 805, 808, 845, 1482, 1804, 2626, 2771, 3753, 3759, 3784, 6262, 6331, 10345, 253017]"
428,[]
430,[]
434,"[28, 125, 213, 241, 287, 335, 351, 463, 1021, 1281, 1282, 1471, 1482, 1636, 1906, 1909, 2147, 2153, 2243, 2295, 2296, 2717, 2833, 3039, 3360, 3383, 3553, 3557, 3569, 3659, 3674, 3685, 3690, 3777, 4018, 4321, 4524, 4843, 4846, 4852, 4854, 5139, 5308, 5327, 5328, 5563, 5583, 5743, 6000, 6647, 6926, 7040, 7124, 7351, 7421, 7482, 7941, 9445, 9644, 9734, 10019, 10100, 10594, 23143, 23174, 54498, 54897, 79001, 196743]"
435,[1471]
437,[493818]
440,[]
441,"[4088, 7042, 7043, 7046, 7048]"
443,"[6335, 6336, 11280]"
446,[]
447,[]
448,"[94, 2022, 2658, 4089]"
453,"[875, 2152, 2153, 4552, 5624, 7010, 7035, 7056, 11093]"
457,"[2303, 2324, 2624, 7424, 9620, 57165]"
477,"[3269, 3596]"
478,[]
480,[]
482,[]
490,[]
492,[]
493,"[5729, 387129]"
496,"[688, 925, 1543, 1544, 1832, 2006, 2052, 2309, 2919, 2920, 3066, 3162, 3356, 3569, 3576, 4312, 4318, 4323, 4843, 4846, 5265, 6441, 6649, 7040, 7124, 7139, 7157, 10144, 10411, 23255, 59341, 60678, 407001]"
503,[]
512,[201163]
515,"[21, 1832, 2099, 2852, 3091, 4314, 5073, 5328, 6439, 6440, 6774, 7012, 7015, 7474, 10144, 23250, 51750, 79991, 91039, 653509, 727897, 729238]"
518,"[2277, 3280, 3714, 6299, 7248, 7249, 51339]"
520,"[249, 265, 1747, 1834, 2492, 4054, 4487, 5083, 6469, 9622, 10117, 10265, 51567]"
523,[1075]
526,"[6452, 10269]"
530,[]
555,"[113, 639, 836, 999, 1001, 1235, 1401, 1611, 1670, 1671, 1788, 1811, 1893, 2212, 2335, 2358, 2524, 2768, 3123, 3172, 3383, 3458, 3479, 3553, 3559, 3569, 3575, 3576, 3577, 3579, 3586, 3587, 3588, 3593, 3663, 3717, 3912, 3952, 4046, 4057, 4088, 4318, 4353, 4485, 4524, 4583, 4689, 5243, 5465, 5468, 5771, 5970, 6347, 6364, 6556, 6583, 6584, 6774, 6932, 7099, 7124, 7297, 7412, 7448, 7850, 8477, 8624, 8767, 8807, 8877, 8924, 8929, 9370, 9966, 9971, 10109, 10320, 10747, 23046, 23308, 51738, 54106, 55054, 60468, 64127, 64167, 64170, 94103, 114548, 117289, 120892, 149233, 151306, 159296, 163486, 219771, 339145, 345611, 400935]"
556,[]
558,[]
560,[]
569,[10216]
571,"[59, 836, 3082, 3855, 3856, 3875, 3880, 4087, 4233, 4288, 6774, 7040, 84916, 150684]"
572,[]
574,[5244]
576,"[4645, 5205, 5244, 8647, 80270]"
577,"[846, 1080, 1357, 3643, 5644, 5645, 6690, 11330]"
579,[]
581,"[81, 396, 554, 1285, 2013, 4643, 4868, 5076, 5800, 7225, 7490, 7827, 8542, 9688, 23165, 23279, 23607, 26130, 51196, 51479, 54443, 54885, 55746, 57122, 57510, 64423, 79023, 79902, 79934, 83478, 286204]"
583,[977]
586,"[8787, 388531]"
587,"[81, 7225, 23607]"
588,"[525, 760, 2299, 8671, 50617]"
591,[]
592,"[1184, 22891]"
593,"[3172, 6928]"
599,[]
606,[50511]
611,[]
617,[]
623,[8195]
624,[]
625,[]
627,[]
628,[6905]
630,[]
641,[]
642,"[183, 308, 1356, 1636, 1906, 2052, 2321, 3075, 3162, 3240, 3426, 3624, 4179, 4846, 5054, 6337, 10699, 23526, 23564, 219736, 101101692]"
648,"[2645, 3172, 6927]"
686,"[3553, 5880, 9051, 55630, 64127]"
690,"[362, 3848]"
691,[]
692,[]
694,[]
695,[]
696,"[3107, 64127]"
700,[]
701,"[966, 1736, 2068, 2707, 3848, 3857, 3858, 3868, 4869, 5073, 7012, 7015, 26277, 51750, 54433, 55505, 55651, 57152, 64858, 65057, 127534]"
702,[]
703,[1294]
704,"[1001, 1041, 54345, 55806, 121391, 147409]"
706,"[2956, 3872, 4292, 4436]"
708,"[4311, 5336, 9839, 58484, 114548]"
709,"[103, 673, 1969, 3265, 3845, 4000, 4893, 5500, 5604, 5605, 5728, 5781, 5894, 5921, 5922, 6016, 6237, 6654, 6655, 6663, 8036, 8216, 10269, 10848, 22808, 55612, 144568]"
710,"[306, 629, 639, 640, 712, 713, 715, 716, 717, 720, 721, 847, 946, 1191, 1280, 1380, 1401, 1445, 1462, 1493, 1773, 1776, 1777, 2113, 2212, 2213, 2215, 3117, 3123, 3565, 3569, 3586, 3593, 3654, 3663, 3684, 4204, 5080, 5133, 5617, 5743, 6696, 6775, 6932, 7015, 7100, 7128, 7292, 7332, 7490, 9145, 10019, 10125, 10318, 10320, 10666, 11277, 23274, 23592, 25780, 26191, 50615, 50619, 51135, 54887, 54899, 55024, 57661, 59067, 64135, 64805, 79932, 121260, 221895, 399909, 653361]"
711,[]
714,"[135, 156, 176, 177, 196, 240, 306, 356, 412, 471, 597, 624, 633, 639, 640, 652, 654, 800, 847, 858, 860, 861, 914, 916, 921, 940, 958, 1021, 1235, 1244, 1280, 1356, 1401, 1404, 1437, 1490, 1493, 1509, 1656, 1687, 1719, 1776, 1827, 2023, 2147, 2212, 2289, 2356, 2618, 2625, 2638, 2870, 2920, 3059, 3115, 3118, 3123, 3236, 3237, 3239, 3290, 3394, 3458, 3486, 3491, 3516, 3553, 3557, 3559, 3560, 3569, 3570, 3572, 3576, 3586, 3606, 3654, 3655, 3663, 3798, 3899, 3934, 4082, 4218, 4261, 4282, 4313, 4319, 4321, 4353, 4524, 4688, 4794, 4795, 4982, 5243, 5341, 5444, 5453, 5588, 5673, 5742, 5743, 5747, 5771, 5788, 5911, 5966, 6355, 6366, 6372, 6556, 6583, 6611, 6648, 6772, 6775, 7090, 7097, 7112, 7124, 7127, 7128, 7185, 7189, 7297, 7422, 7852, 7980, 8013, 8200, 8604, 8714, 8740, 8764, 8836, 9052, 9308, 9355, 9370, 9429, 10057, 10125, 10257, 10586, 10628, 10678, 22806, 23569, 23643, 26191, 50943, 51561, 51744, 54541, 54826, 54899, 55971, 56901, 57007, 79258, 79722, 81567, 81849, 84159, 84709, 84752, 117289, 122618, 144811, 151056, 160364, 200734, 285704, 653361]"
715,[2487]
716,[8838]
718,[9241]
720,[]
722,"[1298, 1299, 1301, 7058, 8483, 54829]"
723,[538]
724,"[176, 596, 1280, 1297, 1301, 2316, 2321, 2720, 3339, 3791, 4148, 6399, 7422, 8838, 9469, 9719, 10683, 50964, 59341]"
726,"[2131, 2132, 5781]"
727,"[368, 5167, 64131, 64132]"
728,"[1103, 1134, 1140, 1144, 1145, 2673, 2706, 4604, 4621, 5167, 5913, 5978, 6654, 7136, 7140, 7169, 60482, 63895, 64644, 118429, 259232]"
729,"[421, 1312, 1399, 1482, 1714, 2253, 2627, 2657, 2812, 6239, 6899, 7290, 7353, 8214, 8220, 9632, 9993, 10512, 23129, 23414, 54487, 137814, 221037]"
731,"[4982, 8792]"
733,"[71, 111, 302, 471, 596, 760, 799, 847, 1277, 1278, 1280, 1297, 1301, 1513, 1588, 1591, 1836, 2023, 2239, 2243, 2244, 2261, 2316, 2321, 2597, 2719, 2720, 2820, 2876, 2934, 3339, 3418, 3553, 3569, 3570, 3791, 4038, 4041, 4057, 4286, 4860, 4982, 5019, 5034, 5315, 5341, 5443, 5683, 5686, 5741, 5972, 6251, 6320, 6399, 6648, 7040, 7094, 7124, 7167, 7171, 7307, 7414, 7421, 7422, 7471, 8544, 8572, 8600, 8792, 9365, 9469, 9719, 9948, 10014, 10082, 10376, 10487, 10576, 10683, 10935, 11315, 11343, 23500, 25796, 50964, 54503, 54884, 59341, 64327, 92344, 118429, 338382]"
737,[]
740,[]
741,"[1072, 1119, 2263, 4522, 4524, 4548, 4552, 5077, 5110, 5130, 5156, 5444, 6347, 6862, 9620, 23513, 25828, 51339, 56288, 57216, 80199, 81839]"
742,"[889, 1282, 1284, 1641, 2018, 2290, 2737, 4335, 4522, 4524, 4548, 4552, 4613, 5048, 5649, 6469, 6496, 7050, 7436, 7546, 8642, 9289, 9342, 9990, 10564, 11235, 51684, 51761, 55755, 55835, 60386, 79633, 79648, 83605, 170302, 259266, 374654, 407975]"
743,"[60, 71, 501, 673, 867, 889, 1282, 1545, 1969, 2260, 2296, 2301, 3265, 3845, 3912, 4693, 4763, 4893, 4990, 5015, 5076, 5080, 5308, 5309, 5500, 5604, 5605, 5781, 5894, 5914, 5921, 5922, 6016, 6237, 6297, 6654, 6655, 6657, 6658, 7490, 7837, 7884, 8036, 8216, 8820, 9150, 9915, 11235, 22800, 22808, 22884, 23522, 26610, 27022, 27151, 54765, 83605, 128674, 144568]"
744,"[673, 1947, 2263, 3265, 3845, 4893, 5077, 5500, 5604, 5605, 5781, 5894, 5921, 5922, 6016, 6237, 6654, 6655, 8036, 8216, 22808, 64219, 144568]"
745,"[182, 421, 1312, 1399, 1482, 1714, 2253, 2296, 2303, 2324, 2626, 2627, 2657, 2702, 2812, 6239, 6899, 7290, 7353, 8214, 8220, 8928, 9464, 9632, 9993, 10370, 10512, 23129, 23389, 23414, 54487, 137814, 140628, 221037]"
746,"[287, 775, 781, 783, 805, 1832, 2697, 3752, 3757, 3764, 4000, 4256, 5318, 6262, 6324, 6327, 6331, 6336, 7273, 7871, 10008, 10021, 10060, 10142, 11155, 23171, 23493, 23630, 29098, 29119, 54795, 55800]"
747,"[2006, 5921, 7021, 10617, 83605]"
749,"[2138, 3664, 4487, 6495, 7020, 7341, 50945, 57822, 147912]"
750,"[2255, 3851, 3860]"
751,"[421, 1312, 1908, 1910, 3651, 4286, 4609, 5310, 5311, 5468, 5589, 5979, 6663, 9839, 9968, 23193, 23476, 25825, 26128, 203286, 442914]"
752,"[268, 269, 546, 598, 836, 867, 1080, 1131, 2879, 3284, 3293, 3640, 9698, 10149, 50846, 122042]"
753,"[183, 185, 358, 367, 1080, 1636, 1956, 4609, 4867, 5310, 5311, 5314, 5468, 5972, 6522, 6714, 6716, 7249, 7369, 8100, 9657, 10806, 11249, 22897, 23090, 23193, 23476, 26146, 26276, 27031, 27130, 51134, 57545, 57728, 63894, 79796, 79809, 80114, 80184, 91147, 132320, 199221, 203286, 261734, 282617, 282809, 284086]"
754,"[2317, 3236, 4621, 6662]"
755,"[650, 658, 860, 894, 1758, 2121, 2122, 2192, 2245, 2260, 2261, 2263, 2697, 2737, 3207, 3209, 3239, 3549, 4920, 6261, 6910, 7291, 7473, 7700, 8200, 8626, 9241, 9401, 9496, 9759, 23288, 57167, 79867, 132884, 137392, 285600]"
756,"[415, 596, 649, 658, 871, 1186, 1277, 1278, 1280, 1281, 1289, 1290, 1297, 1298, 1299, 1301, 1311, 1545, 1758, 1836, 1909, 2006, 2010, 2077, 2121, 2200, 2254, 2260, 2261, 2263, 2273, 2316, 2317, 2321, 2720, 2735, 2737, 2778, 3110, 3248, 3339, 3417, 3418, 3664, 3791, 3930, 3955, 3977, 4000, 4010, 4041, 4148, 4286, 4488, 4625, 4653, 4920, 5077, 5125, 5176, 5351, 5447, 5479, 5745, 5781, 6023, 6399, 6473, 6497, 6591, 6662, 6678, 6911, 6926, 6949, 7040, 7148, 7299, 7422, 7471, 8200, 8443, 8600, 9241, 9451, 9469, 9509, 9533, 9719, 10312, 10491, 10516, 10682, 10683, 11285, 23224, 23345, 23592, 30008, 50485, 50964, 51082, 51626, 55033, 55151, 55764, 56172, 59341, 60681, 64175, 64359, 79188, 80199, 81839, 83706, 84667, 90993, 91252, 121340, 126792, 132884, 134701, 145873]"
757,"[183, 224, 242, 362, 387, 412, 488, 641, 1294, 1301, 1308, 1499, 1643, 1747, 1832, 1896, 2068, 2071, 2072, 2073, 2074, 2706, 3655, 3675, 3691, 3728, 3848, 3849, 3852, 3853, 3854, 3857, 3858, 3861, 3868, 3872, 3887, 3889, 3892, 3909, 3914, 3918, 4041, 4312, 4574, 4693, 4792, 5317, 5339, 5429, 5818, 6023, 6768, 7051, 7374, 7507, 7508, 8322, 8517, 8626, 9076, 9401, 9790, 10804, 10913, 11005, 26154, 27032, 57152, 59344, 60401, 79719, 79797, 128178, 136647, 147409, 285848, 404672]"
758,"[421, 590, 641, 672, 675, 796, 1312, 1399, 1637, 1641, 1714, 1742, 1827, 2006, 2072, 2146, 2175, 2176, 2177, 2178, 2187, 2188, 2189, 2253, 2304, 2314, 2492, 2516, 2623, 2812, 2946, 2969, 3090, 3198, 3576, 3630, 3984, 4335, 4524, 4893, 4908, 5048, 5885, 5888, 5889, 6239, 6285, 6573, 6647, 6899, 7001, 7157, 7290, 7353, 7432, 7516, 7531, 8214, 8220, 8468, 9031, 9210, 9569, 9588, 9632, 9993, 10238, 10459, 10522, 10664, 10735, 10743, 23096, 23514, 29089, 29893, 51085, 51119, 54487, 55120, 55215, 56945, 57122, 57697, 79728, 80169, 83990, 84464, 85358, 157570, 171568, 221037, 284058, 406885, 406912, 406947, 407055, 768219]"
759,"[182, 190, 207, 403, 538, 545, 546, 582, 583, 585, 595, 658, 847, 875, 1028, 1075, 1161, 1280, 1285, 1286, 1287, 1298, 1299, 1301, 1302, 1356, 1387, 1670, 1717, 1758, 1767, 1770, 2033, 2067, 2068, 2072, 2073, 2074, 2146, 2187, 2200, 2201, 2263, 2302, 2316, 2562, 2622, 2697, 2710, 2736, 2737, 2741, 2743, 3458, 3481, 3653, 3784, 3915, 4053, 4204, 4297, 4313, 4318, 4591, 4627, 4692, 4763, 4843, 4853, 4882, 5116, 5290, 5352, 5605, 5727, 5728, 5741, 5885, 6103, 6197, 6390, 6391, 6392, 6638, 6647, 6648, 6674, 6792, 6794, 6901, 7048, 7248, 7249, 7337, 7428, 7490, 7547, 7681, 7827, 8195, 8200, 8243, 8481, 8643, 8701, 8726, 8924, 9126, 9152, 9723, 9731, 9786, 9851, 10108, 10243, 10309, 10464, 10483, 10984, 22954, 22995, 23247, 23322, 23426, 23476, 23512, 23639, 23742, 25836, 25981, 26123, 27019, 27077, 27148, 27235, 27241, 51057, 51259, 51364, 51524, 51684, 54551, 54768, 54806, 54808, 54903, 54919, 55036, 55109, 55130, 55172, 55209, 55212, 55636, 55764, 55869, 56623, 56683, 60681, 64324, 64446, 65062, 65250, 79140, 79583, 79600, 79738, 79848, 79867, 79925, 80144, 80184, 80210, 80776, 81794, 83538, 83544, 83861, 84100, 84695, 84896, 85016, 85478, 89765, 91147, 92749, 93233, 95681, 112609, 115399, 115948, 123016, 123872, 129880, 139212, 145624, 153241, 157680, 161582, 161742, 166379, 200373, 200894, 219844, 221421, 246176, 282809, 283120, 317662, 338433, 339829, 341640, 345643, 345895, 352909, 374407, 374654, 388389, 791114, 100033413, 100144748, 105259599]"
760,[]
762,[412]
763,"[93, 1770, 4838, 7547, 10370, 29922, 55997, 118856, 124401, 146845, 168507, 203286, 220136]"
764,[]
766,[]
774,[4204]
776,[]
778,[]
780,"[779, 2892, 3785, 5063, 5422, 5621, 6134, 6261, 6324, 6326, 8242, 8573, 8864, 84059, 170302, 254065]"
781,"[335, 338, 773, 2670, 3736, 4361, 4626, 7274, 23064, 23533, 54840, 85300]"
782,"[1832, 2706, 4014, 54658]"
783,"[2690, 2693, 3479]"
784,"[5621, 161582]"
786,[]
787,[1811]
788,[]
790,"[859, 7369, 56606, 116085]"
791,"[3155, 3158]"
795,[7503]
796,[]
798,[7259]
974,[]
982,[]
984,[]
988,[]
995,"[710, 716, 1548, 1559, 2158, 2161, 2206, 2208, 3565, 3566, 3572, 3586, 3596, 3606, 3827, 7941, 11005, 50615, 79001, 90865]"
996,[4683]
E850,[]
E936,[]
V84,"[1029, 4193, 7157, 11200]"
