"ONTOLOGY","ID","Description","GeneRatio","BgRatio","pvalue","p.adjust","qvalue","geneID","Count"
"BP","GO:0002924","negative regulation of humoral immune response mediated by circulating immunoglobulin","1/1","11/18870",0.000582935877053381,0.00733765439647845,NA,"4179",1
"BP","GO:0035581","sequestering of extracellular ligand from receptor","1/1","11/18870",0.000582935877053381,0.00733765439647845,NA,"4179",1
"BP","GO:0043380","regulation of memory T cell differentiation","1/1","12/18870",0.000635930047694577,0.00733765439647845,NA,"4179",1
"BP","GO:0043379","memory T cell differentiation","1/1","13/18870",0.000688924218336107,0.00733765439647845,NA,"4179",1
"BP","GO:0045916","negative regulation of complement activation","1/1","13/18870",0.000688924218336107,0.00733765439647845,NA,"4179",1
"BP","GO:1900115","extracellular regulation of signal transduction","1/1","13/18870",0.000688924218336107,0.00733765439647845,NA,"4179",1
"BP","GO:1900116","extracellular negative regulation of signal transduction","1/1","13/18870",0.000688924218336107,0.00733765439647845,NA,"4179",1
"BP","GO:0090715","immunological memory formation process","1/1","14/18870",0.000741918388977081,0.00733765439647845,NA,"4179",1
"BP","GO:0002713","negative regulation of B cell mediated immunity","1/1","16/18870",0.000847906730259584,0.00733765439647845,NA,"4179",1
"BP","GO:0002890","negative regulation of immunoglobulin mediated immune response","1/1","16/18870",0.000847906730259584,0.00733765439647845,NA,"4179",1
"BP","GO:0002921","negative regulation of humoral immune response","1/1","17/18870",0.000900900900900892,0.00733765439647845,NA,"4179",1
"BP","GO:0002923","regulation of humoral immune response mediated by circulating immunoglobulin","1/1","18/18870",0.000953895071542199,0.00733765439647845,NA,"4179",1
"BP","GO:0090713","immunological memory process","1/1","18/18870",0.000953895071542199,0.00733765439647845,NA,"4179",1
"BP","GO:0030449","regulation of complement activation","1/1","22/18870",0.00116587175410687,0.00761791202967613,NA,"4179",1
"BP","GO:0045591","positive regulation of regulatory T cell differentiation","1/1","23/18870",0.00121886592474818,0.00761791202967613,NA,"4179",1
"BP","GO:0071636","positive regulation of transforming growth factor beta production","1/1","23/18870",0.00121886592474818,0.00761791202967613,NA,"4179",1
"BP","GO:0045589","regulation of regulatory T cell differentiation","1/1","36/18870",0.00190779014308418,0.0105988341282451,NA,"4179",1
"BP","GO:0045066","regulatory T cell differentiation","1/1","41/18870",0.00217276099629038,0.0105988341282451,NA,"4179",1
"BP","GO:0006958","complement activation, classical pathway","1/1","42/18870",0.00222575516693146,0.0105988341282451,NA,"4179",1
"BP","GO:0032733","positive regulation of interleukin-10 production","1/1","42/18870",0.00222575516693146,0.0105988341282451,NA,"4179",1
"BP","GO:0071634","regulation of transforming growth factor beta production","1/1","42/18870",0.00222575516693146,0.0105988341282451,NA,"4179",1
"BP","GO:0071604","transforming growth factor beta production","1/1","45/18870",0.00238473767885516,0.0108292435658164,NA,"4179",1
"BP","GO:0002920","regulation of humoral immune response","1/1","47/18870",0.00249072602013778,0.0108292435658164,NA,"4179",1
"BP","GO:0002455","humoral immune response mediated by circulating immunoglobulin","1/1","55/18870",0.00291467938526746,0.0110805993158932,NA,"4179",1
"BP","GO:0002707","negative regulation of lymphocyte mediated immunity","1/1","58/18870",0.00307366189719116,0.0110805993158932,NA,"4179",1
"BP","GO:0002823","negative regulation of adaptive immune response based on somatic recombination of immune receptors built from immunoglobulin superfamily domains","1/1","59/18870",0.00312665606783247,0.0110805993158932,NA,"4179",1
"BP","GO:0002712","regulation of B cell mediated immunity","1/1","64/18870",0.00339162692103845,0.0110805993158932,NA,"4179",1
"BP","GO:0002820","negative regulation of adaptive immune response","1/1","64/18870",0.00339162692103845,0.0110805993158932,NA,"4179",1
"BP","GO:0002889","regulation of immunoglobulin mediated immune response","1/1","64/18870",0.00339162692103845,0.0110805993158932,NA,"4179",1
"BP","GO:0032613","interleukin-10 production","1/1","65/18870",0.00344462109167976,0.0110805993158932,NA,"4179",1
"BP","GO:0032653","regulation of interleukin-10 production","1/1","65/18870",0.00344462109167976,0.0110805993158932,NA,"4179",1
"BP","GO:0006956","complement activation","1/1","67/18870",0.00355060943296226,0.0110805993158932,NA,"4179",1
"BP","GO:0002704","negative regulation of leukocyte mediated immunity","1/1","69/18870",0.00365659777424476,0.0110805993158932,NA,"4179",1
"BP","GO:0002292","T cell differentiation involved in immune response","1/1","84/18870",0.00445151033386315,0.0130926774525387,NA,"4179",1
"BP","GO:0008593","regulation of Notch signaling pathway","1/1","98/18870",0.00519342872284034,0.0148383677795438,NA,"4179",1
"BP","GO:0042102","positive regulation of T cell proliferation","1/1","105/18870",0.00556438791732894,0.0154566331036915,NA,"4179",1
"BP","GO:0045582","positive regulation of T cell differentiation","1/1","116/18870",0.00614732379438243,0.016614388633466,NA,"4179",1
"BP","GO:0002286","T cell activation involved in immune response","1/1","123/18870",0.00651828298887103,0.0168030297155113,NA,"4179",1
"BP","GO:0002698","negative regulation of immune effector process","1/1","125/18870",0.00662427133015353,0.0168030297155113,NA,"4179",1
"BP","GO:0002456","T cell mediated immunity","1/1","129/18870",0.00683624801271843,0.0168030297155113,NA,"4179",1
"BP","GO:0045621","positive regulation of lymphocyte differentiation","1/1","130/18870",0.00688924218335962,0.0168030297155113,NA,"4179",1
"BP","GO:0050671","positive regulation of lymphocyte proliferation","1/1","145/18870",0.00768415474297834,0.0176371224165341,NA,"4179",1
"BP","GO:0032946","positive regulation of mononuclear cell proliferation","1/1","148/18870",0.00784313725490193,0.0176371224165341,NA,"4179",1
"BP","GO:0046718","viral entry into host cell","1/1","156/18870",0.00826709062003173,0.0176371224165341,NA,"4179",1
"BP","GO:0044409","entry into host","1/1","163/18870",0.00863804981452032,0.0176371224165341,NA,"4179",1
"BP","GO:0007338","single fertilization","1/1","166/18870",0.00879703232644413,0.0176371224165341,NA,"4179",1
"BP","GO:0070665","positive regulation of leukocyte proliferation","1/1","166/18870",0.00879703232644413,0.0176371224165341,NA,"4179",1
"BP","GO:0007219","Notch signaling pathway","1/1","181/18870",0.00959194488606252,0.0176371224165341,NA,"4179",1
"BP","GO:0045580","regulation of T cell differentiation","1/1","181/18870",0.00959194488606252,0.0176371224165341,NA,"4179",1
"BP","GO:0042129","regulation of T cell proliferation","1/1","182/18870",0.00964493905670383,0.0176371224165341,NA,"4179",1
"BP","GO:1902107","positive regulation of leukocyte differentiation","1/1","185/18870",0.00980392156862753,0.0176371224165341,NA,"4179",1
"BP","GO:1903708","positive regulation of hemopoiesis","1/1","185/18870",0.00980392156862753,0.0176371224165341,NA,"4179",1
"BP","GO:0002706","regulation of lymphocyte mediated immunity","1/1","188/18870",0.00996290408055112,0.0176371224165341,NA,"4179",1
"BP","GO:0044000","movement in host","1/1","188/18870",0.00996290408055112,0.0176371224165341,NA,"4179",1
"BP","GO:0002822","regulation of adaptive immune response based on somatic recombination of immune receptors built from immunoglobulin superfamily domains","1/1","193/18870",0.0102278749337572,0.0176371224165341,NA,"4179",1
"BP","GO:0016064","immunoglobulin mediated immune response","1/1","205/18870",0.0108638049814518,0.0176371224165341,NA,"4179",1
"BP","GO:0050777","negative regulation of immune response","1/1","205/18870",0.0108638049814518,0.0176371224165341,NA,"4179",1
"BP","GO:0009566","fertilization","1/1","207/18870",0.0109697933227345,0.0176371224165341,NA,"4179",1
"BP","GO:0002819","regulation of adaptive immune response","1/1","208/18870",0.0110227874933756,0.0176371224165341,NA,"4179",1
"BP","GO:0019724","B cell mediated immunity","1/1","208/18870",0.0110227874933756,0.0176371224165341,NA,"4179",1
"BP","GO:0051701","biological process involved in interaction with host","1/1","211/18870",0.0111817700052993,0.0176371224165341,NA,"4179",1
"BP","GO:0045619","regulation of lymphocyte differentiation","1/1","212/18870",0.0112347641759405,0.0176371224165341,NA,"4179",1
"BP","GO:0002285","lymphocyte activation involved in immune response","1/1","213/18870",0.0112877583465818,0.0176371224165341,NA,"4179",1
"BP","GO:0042098","T cell proliferation","1/1","213/18870",0.0112877583465818,0.0176371224165341,NA,"4179",1
"BP","GO:0050670","regulation of lymphocyte proliferation","1/1","238/18870",0.0126126126126124,0.019404019404019,NA,"4179",1
"BP","GO:0032944","regulation of mononuclear cell proliferation","1/1","242/18870",0.0128245892951774,0.0194311959017839,NA,"4179",1
"BP","GO:0002703","regulation of leukocyte mediated immunity","1/1","249/18870",0.0131955484896661,0.0195610835749244,NA,"4179",1
"BP","GO:0050870","positive regulation of T cell activation","1/1","251/18870",0.0133015368309486,0.0195610835749244,NA,"4179",1
"BP","GO:0006959","humoral immune response","1/1","258/18870",0.0136724960254371,0.0198152116310682,NA,"4179",1
"BP","GO:0070663","regulation of leukocyte proliferation","1/1","267/18870",0.0141494435612082,0.0201527127790587,NA,"4179",1
"BP","GO:0002699","positive regulation of immune effector process","1/1","270/18870",0.0143084260731317,0.0201527127790587,NA,"4179",1
"BP","GO:1903039","positive regulation of leukocyte cell-cell adhesion","1/1","275/18870",0.0145733969263381,0.0202408290643584,NA,"4179",1
"BP","GO:0002366","leukocyte activation involved in immune response","1/1","301/18870",0.0159512453630098,0.0210668184524393,NA,"4179",1
"BP","GO:0002263","cell activation involved in immune response","1/1","305/18870",0.016163222045575,0.0210668184524393,NA,"4179",1
"BP","GO:0030217","T cell differentiation","1/1","307/18870",0.0162692103868574,0.0210668184524393,NA,"4179",1
"BP","GO:0046651","lymphocyte proliferation","1/1","307/18870",0.0162692103868574,0.0210668184524393,NA,"4179",1
"BP","GO:0032943","mononuclear cell proliferation","1/1","314/18870",0.0166401695813458,0.0210668184524393,NA,"4179",1
"BP","GO:0019058","viral life cycle","1/1","321/18870",0.0170111287758345,0.0210668184524393,NA,"4179",1
"BP","GO:1902105","regulation of leukocyte differentiation","1/1","321/18870",0.0170111287758345,0.0210668184524393,NA,"4179",1
"BP","GO:0022409","positive regulation of cell-cell adhesion","1/1","322/18870",0.0170641229464759,0.0210668184524393,NA,"4179",1
"BP","GO:0044403","biological process involved in symbiotic interaction","1/1","322/18870",0.0170641229464759,0.0210668184524393,NA,"4179",1
"BP","GO:0051251","positive regulation of lymphocyte activation","1/1","330/18870",0.0174880763116056,0.0213269223312264,NA,"4179",1
"BP","GO:0070661","leukocyte proliferation","1/1","350/18870",0.0185479597244301,0.0223469394270243,NA,"4179",1
"BP","GO:0002449","lymphocyte mediated immunity","1/1","368/18870",0.0195018547959723,0.0230042877101698,NA,"4179",1
"BP","GO:0002460","adaptive immune response based on somatic recombination of immune receptors built from immunoglobulin superfamily domains","1/1","380/18870",0.0201377848436672,0.0230042877101698,NA,"4179",1
"BP","GO:0002696","positive regulation of leukocyte activation","1/1","380/18870",0.0201377848436672,0.0230042877101698,NA,"4179",1
"BP","GO:0050863","regulation of T cell activation","1/1","381/18870",0.0201907790143084,0.0230042877101698,NA,"4179",1
"BP","GO:1903037","regulation of leukocyte cell-cell adhesion","1/1","382/18870",0.0202437731849494,0.0230042877101698,NA,"4179",1
"BP","GO:0002697","regulation of immune effector process","1/1","389/18870",0.020614732379438,0.0231626206510539,NA,"4179",1
"BP","GO:0050867","positive regulation of cell activation","1/1","396/18870",0.0209856915739267,0.0233174350821408,NA,"4179",1
"BP","GO:1903706","regulation of hemopoiesis","1/1","417/18870",0.0220985691573926,0.0241353885855164,NA,"4179",1
"BP","GO:0007159","leukocyte cell-cell adhesion","1/1","419/18870",0.0222045574986751,0.0241353885855164,NA,"4179",1
"BP","GO:0030098","lymphocyte differentiation","1/1","429/18870",0.0227344992050872,0.0243547677840543,NA,"4179",1
"BP","GO:0016032","viral process","1/1","432/18870",0.022893481717011,0.0243547677840543,NA,"4179",1
"BP","GO:0010720","positive regulation of cell development","1/1","444/18870",0.0235294117647059,0.0247678018575852,NA,"4179",1
"BP","GO:0002443","leukocyte mediated immunity","1/1","466/18870",0.0246952835188129,0.0257242536654301,NA,"4179",1
"BP","GO:1903131","mononuclear cell differentiation","1/1","481/18870",0.0254901960784314,0.0260644798459924,NA,"4179",1
"BP","GO:0045785","positive regulation of cell adhesion","1/1","482/18870",0.0255431902490726,0.0260644798459924,NA,"4179",1
"BP","GO:0022407","regulation of cell-cell adhesion","1/1","493/18870",0.0261261261261261,0.0263900263900263,NA,"4179",1
"BP","GO:0001819","positive regulation of cytokine production","1/1","499/18870",0.0264440911499734,0.0264440911499734,NA,"4179",1
"CC","GO:0002080","acrosomal membrane","1/1","32/19886",0.00160917228200752,0.0080458614100376,NA,"4179",1
"CC","GO:0001669","acrosomal vesicle","1/1","145/19886",0.00729156190284619,0.0182289047571155,NA,"4179",1
"CC","GO:0030667","secretory granule membrane","1/1","314/19886",0.015790003017198,0.0216735391732876,NA,"4179",1
"CC","GO:0005925","focal adhesion","1/1","421/19886",0.0211706728351604,0.0216735391732876,NA,"4179",1
"CC","GO:0030055","cell-substrate junction","1/1","431/19886",0.0216735391732876,0.0216735391732876,NA,"4179",1
"MF","GO:0001618","virus receptor activity","1/1","79/18496",0.00427119377162632,0.00648788927335642,NA,"4179",1
"MF","GO:0140272","exogenous protein binding","1/1","80/18496",0.00432525951557095,0.00648788927335642,NA,"4179",1
"MF","GO:0045296","cadherin binding","1/1","334/18496",0.0180579584775087,0.0180579584775087,NA,"4179",1
