"ONTOLOGY","ID","Description","GeneRatio","BgRatio","pvalue","p.adjust","qvalue","geneID","Count"
"BP","GO:0035627","ceramide transport","1/2","16/18870",0.00169513941308985,0.0299826446585251,NA,"5243",1
"BP","GO:0047484","regulation of response to osmotic stress","1/2","16/18870",0.00169513941308985,0.0299826446585251,NA,"5243",1
"BP","GO:0044070","regulation of monoatomic anion transport","1/2","18/18870",0.00190693073261117,0.0299826446585251,NA,"5243",1
"BP","GO:1990961","xenobiotic detoxification by transmembrane export across the plasma membrane","1/2","24/18870",0.00254216988169043,0.0299826446585251,NA,"5243",1
"BP","GO:0046618","xenobiotic export from cell","1/2","27/18870",0.00285971362589421,0.0299826446585251,NA,"5243",1
"BP","GO:0048714","positive regulation of oligodendrocyte differentiation","1/2","27/18870",0.00285971362589421,0.0299826446585251,NA,"5803",1
"BP","GO:0035335","peptidyl-tyrosine dephosphorylation","1/2","31/18870",0.00328302664596569,0.0299826446585251,NA,"5803",1
"BP","GO:0070633","transepithelial transport","1/2","35/18870",0.00370624979304635,0.0299826446585251,NA,"5243",1
"BP","GO:0031641","regulation of myelination","1/2","45/18870",0.00476391446641455,0.0299826446585251,NA,"5803",1
"BP","GO:0045687","positive regulation of glial cell differentiation","1/2","45/18870",0.00476391446641455,0.0299826446585251,NA,"5803",1
"BP","GO:0048713","regulation of oligodendrocyte differentiation","1/2","45/18870",0.00476391446641455,0.0299826446585251,NA,"5803",1
"BP","GO:0045332","phospholipid translocation","1/2","52/18870",0.00550394552258804,0.0299826446585251,NA,"5243",1
"BP","GO:0034204","lipid translocation","1/2","57/18870",0.00603237062228323,0.0299826446585251,NA,"5243",1
"BP","GO:0042908","xenobiotic transport","1/2","60/18870",0.00634935827735739,0.0299826446585251,NA,"5243",1
"BP","GO:0097035","regulation of membrane lipid distribution","1/2","62/18870",0.00656065529543048,0.0299826446585251,NA,"5243",1
"BP","GO:0014015","positive regulation of gliogenesis","1/2","72/18870",0.00761680336208126,0.0299826446585251,NA,"5803",1
"BP","GO:0045685","regulation of glial cell differentiation","1/2","79/18870",0.00835577279355304,0.0299826446585251,NA,"5803",1
"BP","GO:0006970","response to osmotic stress","1/2","81/18870",0.00856685636327315,0.0299826446585251,NA,"5243",1
"BP","GO:0140115","export across plasma membrane","1/2","82/18870",0.00867238972254059,0.0299826446585251,NA,"5243",1
"BP","GO:0032414","positive regulation of ion transmembrane transporter activity","1/2","85/18870",0.0089889560979709,0.0299826446585251,NA,"5243",1
"BP","GO:0010232","vascular transport","1/2","87/18870",0.00919997226294811,0.0299826446585251,NA,"5243",1
"BP","GO:0150104","transport across blood-brain barrier","1/2","87/18870",0.00919997226294811,0.0299826446585251,NA,"5243",1
"BP","GO:0032411","positive regulation of transporter activity","1/2","94/18870",0.00993835190291892,0.0299826446585251,NA,"5243",1
"BP","GO:2000177","regulation of neural precursor cell proliferation","1/2","100/18870",0.0105710296717644,0.0299826446585251,NA,"5803",1
"BP","GO:0015914","phospholipid transport","1/2","103/18870",0.0108872927258514,0.0299826446585251,NA,"5243",1
"BP","GO:0048709","oligodendrocyte differentiation","1/2","106/18870",0.0112035052263815,0.0299826446585251,NA,"5803",1
"BP","GO:0014013","regulation of gliogenesis","1/2","110/18870",0.0116250432548874,0.0299826446585251,NA,"5803",1
"BP","GO:0006805","xenobiotic metabolic process","1/2","125/18870",0.0132050104304625,0.0299826446585251,NA,"5243",1
"BP","GO:0006821","chloride transport","1/2","125/18870",0.0132050104304625,0.0299826446585251,NA,"5243",1
"BP","GO:0072089","stem cell proliferation","1/2","125/18870",0.0132050104304625,0.0299826446585251,NA,"5243",1
"BP","GO:0002244","hematopoietic progenitor cell differentiation","1/2","133/18870",0.0140471428210734,0.0299826446585251,NA,"5803",1
"BP","GO:0000086","G2/M transition of mitotic cell cycle","1/2","140/18870",0.0147837137671071,0.0299826446585251,NA,"5243",1
"BP","GO:0042552","myelination","1/2","145/18870",0.0153096673595594,0.0299826446585251,NA,"5803",1
"BP","GO:0007272","ensheathment of neurons","1/2","147/18870",0.0155200094771072,0.0299826446585251,NA,"5803",1
"BP","GO:0008366","axon ensheathment","1/2","147/18870",0.0155200094771072,0.0299826446585251,NA,"5803",1
"BP","GO:0098656","monoatomic anion transmembrane transport","1/2","147/18870",0.0155200094771072,0.0299826446585251,NA,"5243",1
"BP","GO:0015748","organophosphate ester transport","1/2","152/18870",0.0160457664723922,0.0299826446585251,NA,"5243",1
"BP","GO:0044839","cell cycle G2/M phase transition","1/2","155/18870",0.0163611532648205,0.0299826446585251,NA,"5243",1
"BP","GO:1905039","carboxylic acid transmembrane transport","1/2","156/18870",0.016466270961506,0.0299826446585251,NA,"5243",1
"BP","GO:1903825","organic acid transmembrane transport","1/2","157/18870",0.0165713830411296,0.0299826446585251,NA,"5243",1
"BP","GO:0034767","positive regulation of monoatomic ion transmembrane transport","1/2","158/18870",0.0166764895036915,0.0299826446585251,NA,"5243",1
"BP","GO:0098754","detoxification","1/2","158/18870",0.0166764895036915,0.0299826446585251,NA,"5243",1
"BP","GO:0043524","negative regulation of neuron apoptotic process","1/2","163/18870",0.0172019375605714,0.0299826446585251,NA,"5803",1
"BP","GO:0061351","neural precursor cell proliferation","1/2","166/18870",0.0175171389899565,0.0299826446585251,NA,"5803",1
"BP","GO:0015698","inorganic anion transport","1/2","169/18870",0.0178322898657839,0.0299826446585251,NA,"5243",1
"BP","GO:0006820","monoatomic anion transport","1/2","172/18870",0.0181473901880547,0.0299826446585251,NA,"5243",1
"BP","GO:0071466","cellular response to xenobiotic stimulus","1/2","192/18870",0.0202467670789506,0.0327394531489413,NA,"5243",1
"BP","GO:0006470","protein dephosphorylation","1/2","203/18870",0.0214004666598873,0.0338840722114882,NA,"5803",1
"BP","GO:0043270","positive regulation of monoatomic ion transport","1/2","214/18870",0.0225534865763317,0.0347590994647701,NA,"5243",1
"BP","GO:0034764","positive regulation of transmembrane transport","1/2","217/18870",0.0228678285952435,0.0347590994647701,NA,"5243",1
"BP","GO:0032412","regulation of monoatomic ion transmembrane transporter activity","1/2","231/18870",0.0243340895864645,0.0357182174878805,NA,"5243",1
"BP","GO:0043523","regulation of neuron apoptotic process","1/2","232/18870",0.0244387803864445,0.0357182174878805,NA,"5803",1
"BP","GO:0022898","regulation of transmembrane transporter activity","1/2","239/18870",0.0251714587085708,0.0358683118154771,NA,"5243",1
"BP","GO:0050769","positive regulation of neurogenesis","1/2","242/18870",0.025485379447839,0.0358683118154771,NA,"5803",1
"BP","GO:0010001","glial cell differentiation","1/2","252/18870",0.0265314168030421,0.0366615941278399,NA,"5803",1
"BP","GO:0009636","response to toxic substance","1/2","258/18870",0.0271587695971918,0.0368583301676174,NA,"5243",1
"BP","GO:0003018","vascular process in circulatory system","1/2","269/18870",0.0283083911911775,0.0370480811793513,NA,"5243",1
"BP","GO:0032409","regulation of transporter activity","1/2","271/18870",0.0285173402773701,0.0370480811793513,NA,"5243",1
"BP","GO:0007611","learning or memory","1/2","274/18870",0.0288307217786946,0.0370480811793513,NA,"5803",1
"BP","GO:0051402","neuron apoptotic process","1/2","278/18870",0.0292484851415932,0.0370480811793513,NA,"5803",1
"BP","GO:0051962","positive regulation of nervous system development","1/2","290/18870",0.0305012359923464,0.0380015399248907,NA,"5803",1
"BP","GO:0016311","dephosphorylation","1/2","302/18870",0.0317531779861839,0.0389232504346771,NA,"5803",1
"BP","GO:0050890","cognition","1/2","317/18870",0.0333169680234426,0.0401918979330419,NA,"5803",1
"BP","GO:0042063","gliogenesis","1/2","338/18870",0.0355041508262012,0.0421611791061139,NA,"5803",1
"BP","GO:0046942","carboxylic acid transport","1/2","351/18870",0.036856879761987,0.0421617522507813,NA,"5243",1
"BP","GO:0015849","organic acid transport","1/2","352/18870",0.0369608965145375,0.0421617522507813,NA,"5243",1
"BP","GO:0042886","amide transport","1/2","354/18870",0.0371689131684519,0.0421617522507813,NA,"5243",1
"BP","GO:0050767","regulation of neurogenesis","1/2","390/18870",0.0409093708685632,0.0457222380295706,NA,"5803",1
"BP","GO:0009410","response to xenobiotic stimulus","1/2","434/18870",0.0454711553619505,0.0488259934118804,NA,"5243",1
"BP","GO:0015711","organic anion transport","1/2","443/18870",0.046402907975422,0.0488259934118804,NA,"5243",1
"BP","GO:0010720","positive regulation of cell development","1/2","444/18870",0.0465064079582761,0.0488259934118804,NA,"5803",1
"BP","GO:0007409","axonogenesis","1/2","448/18870",0.0469203517190724,0.0488259934118804,NA,"5803",1
"BP","GO:0006869","lipid transport","1/2","453/18870",0.0474376550361749,0.0488259934118804,NA,"5243",1
"BP","GO:0034765","regulation of monoatomic ion transmembrane transport","1/2","454/18870",0.0475410988484098,0.0488259934118804,NA,"5243",1
"BP","GO:0051960","regulation of nervous system development","1/2","466/18870",0.0487819864643975,0.0491954359237453,NA,"5803",1
"BP","GO:0044772","mitotic cell cycle phase transition","1/2","470/18870",0.0491954359237453,0.0491954359237453,NA,"5243",1
"CC","GO:0072534","perineuronal net","1/2","10/19886",0.0010055050777108,0.00281527260071934,NA,"5803",1
"CC","GO:0098966","perisynaptic extracellular matrix","1/2","11/19886",0.00110602776788238,0.00281527260071934,NA,"5803",1
"CC","GO:0099535","synapse-associated extracellular matrix","1/2","12/19886",0.00120654540030829,0.00281527260071934,NA,"5803",1
"CC","GO:0009897","external side of plasma membrane","1/2","387/19886",0.0385440865080823,0.0466137951877628,NA,"5243",1
"CC","GO:0016324","apical plasma membrane","1/2","403/19886",0.0401213343010149,0.0466137951877628,NA,"5243",1
"CC","GO:0062023","collagen-containing extracellular matrix","1/2","429/19886",0.0426816004355328,0.0466137951877628,NA,"5803",1
"CC","GO:0045177","apical part of cell","1/2","469/19886",0.0466137951877628,0.0466137951877628,NA,"5243",1
"MF","GO:0140333","glycerophospholipid flippase activity","1/2","13/18496",0.00140525331357688,0.00592064053701158,NA,"5243",1
"MF","GO:0008559","ABC-type xenobiotic transporter activity","1/2","14/18496",0.00151330879663525,0.00592064053701158,NA,"5243",1
"MF","GO:0015562","efflux transmembrane transporter activity","1/2","15/18496",0.0016213584331688,0.00592064053701158,NA,"5243",1
"MF","GO:0140327","flippase activity","1/2","16/18496",0.00172940222317619,0.00592064053701158,NA,"5243",1
"MF","GO:0140328","floppase activity","1/2","16/18496",0.00172940222317619,0.00592064053701158,NA,"5243",1
"MF","GO:0005001","transmembrane receptor protein tyrosine phosphatase activity","1/2","17/18496",0.00183744016665877,0.00592064053701158,NA,"5803",1
"MF","GO:0008525","phosphatidylcholine transporter activity","1/2","17/18496",0.00183744016665877,0.00592064053701158,NA,"5243",1
"MF","GO:0019198","transmembrane receptor protein phosphatase activity","1/2","17/18496",0.00183744016665877,0.00592064053701158,NA,"5803",1
"MF","GO:0046624","sphingolipid transporter activity","1/2","17/18496",0.00183744016665877,0.00592064053701158,NA,"5243",1
"MF","GO:0140326","ATPase-coupled intramembrane lipid transporter activity","1/2","27/18496",0.00291749804258346,0.00846074432349202,NA,"5243",1
"MF","GO:0042910","xenobiotic transmembrane transporter activity","1/2","37/18496",0.00399697126596443,0.010537469701179,NA,"5243",1
"MF","GO:0140303","intramembrane lipid transporter activity","1/2","42/18496",0.00453648863295164,0.0109631808629665,NA,"5243",1
"MF","GO:0140359","ABC-type transporter activity","1/2","48/18496",0.00518371653799643,0.011563675353992,NA,"5243",1
"MF","GO:0005548","phospholipid transporter activity","1/2","64/18496",0.00690862862963981,0.0143107307328253,NA,"5243",1
"MF","GO:0004725","protein tyrosine phosphatase activity","1/2","96/18496",0.0103539626813943,0.0187665573600272,NA,"5803",1
"MF","GO:0042626","ATPase-coupled transmembrane transporter activity","1/2","96/18496",0.0103539626813943,0.0187665573600272,NA,"5243",1
"MF","GO:0005178","integrin binding","1/2","154/18496",0.0165833712188183,0.0249678207240148,NA,"5803",1
"MF","GO:0015399","primary active transmembrane transporter activity","1/2","164/18496",0.017655419354899,0.0249678207240148,NA,"5243",1
"MF","GO:0046943","carboxylic acid transmembrane transporter activity","1/2","164/18496",0.017655419354899,0.0249678207240148,NA,"5243",1
"MF","GO:0005342","organic acid transmembrane transporter activity","1/2","165/18496",0.0177625920126173,0.0249678207240148,NA,"5243",1
"MF","GO:0005319","lipid transporter activity","1/2","172/18496",0.0185126369139327,0.0249678207240148,NA,"5243",1
"MF","GO:0004721","phosphoprotein phosphatase activity","1/2","176/18496",0.0189411053768388,0.0249678207240148,NA,"5803",1
"MF","GO:0008514","organic anion transmembrane transporter activity","1/2","242/18496",0.0259973295410433,0.0327792415952285,NA,"5243",1
"MF","GO:0016791","phosphatase activity","1/2","270/18496",0.0289831851589931,0.0350213487337833,NA,"5803",1
"MF","GO:0031625","ubiquitin protein ligase binding","1/2","308/18496",0.0330280862404598,0.0383125800389334,NA,"5243",1
"MF","GO:0044389","ubiquitin-like protein ligase binding","1/2","327/18496",0.035047370887671,0.0390912982977868,NA,"5243",1
"MF","GO:0042578","phosphoric ester hydrolase activity","1/2","358/18496",0.0383374621495945,0.0411772741606756,NA,"5803",1
"MF","GO:0016887","ATP hydrolysis activity","1/2","412/18496",0.0440551710880431,0.0456285700554733,NA,"5243",1
"MF","GO:0022804","active transmembrane transporter activity","1/2","454/18496",0.0484904914448964,0.0484904914448964,NA,"5243",1
