"ONTOLOGY","ID","Description","GeneRatio","BgRatio","pvalue","p.adjust","qvalue","geneID","Count"
"BP","GO:0001325","formation of extrachromosomal circular DNA","1/1","15/18870",0.000794912559618388,0.011484830418654,NA,"4683",1
"BP","GO:0030174","regulation of DNA-templated DNA replication initiation","1/1","15/18870",0.000794912559618388,0.011484830418654,NA,"4683",1
"BP","GO:0090656","t-circle formation","1/1","15/18870",0.000794912559618388,0.011484830418654,NA,"4683",1
"BP","GO:0090737","telomere maintenance via telomere trimming","1/1","15/18870",0.000794912559618388,0.011484830418654,NA,"4683",1
"BP","GO:0000729","DNA double-strand break processing","1/1","21/18870",0.00111287758346568,0.011484830418654,NA,"4683",1
"BP","GO:0001832","blastocyst growth","1/1","22/18870",0.00116587175410687,0.011484830418654,NA,"4683",1
"BP","GO:0031954","positive regulation of protein autophosphorylation","1/1","26/18870",0.00137784843667177,0.011484830418654,NA,"4683",1
"BP","GO:1904353","regulation of telomere capping","1/1","26/18870",0.00137784843667177,0.011484830418654,NA,"4683",1
"BP","GO:0032205","negative regulation of telomere maintenance","1/1","35/18870",0.00185479597244276,0.011484830418654,NA,"4683",1
"BP","GO:0006270","DNA replication initiation","1/1","37/18870",0.00196078431372537,0.011484830418654,NA,"4683",1
"BP","GO:0007095","mitotic G2 DNA damage checkpoint signaling","1/1","37/18870",0.00196078431372537,0.011484830418654,NA,"4683",1
"BP","GO:0022616","DNA strand elongation","1/1","37/18870",0.00196078431372537,0.011484830418654,NA,"4683",1
"BP","GO:0016233","telomere capping","1/1","39/18870",0.00206677265500788,0.011484830418654,NA,"4683",1
"BP","GO:0031952","regulation of protein autophosphorylation","1/1","41/18870",0.00217276099629038,0.011484830418654,NA,"4683",1
"BP","GO:0090329","regulation of DNA-templated DNA replication","1/1","47/18870",0.00249072602013778,0.011484830418654,NA,"4683",1
"BP","GO:0031297","replication fork processing","1/1","49/18870",0.00259671436142006,0.011484830418654,NA,"4683",1
"BP","GO:0050885","neuromuscular process controlling balance","1/1","51/18870",0.00270270270270256,0.011484830418654,NA,"4683",1
"BP","GO:0044818","mitotic G2/M transition checkpoint","1/1","53/18870",0.00280869104398507,0.011484830418654,NA,"4683",1
"BP","GO:0002204","somatic recombination of immunoglobulin genes involved in immune response","1/1","55/18870",0.00291467938526746,0.011484830418654,NA,"4683",1
"BP","GO:0002208","somatic diversification of immunoglobulins involved in immune response","1/1","55/18870",0.00291467938526746,0.011484830418654,NA,"4683",1
"BP","GO:0045190","isotype switching","1/1","55/18870",0.00291467938526746,0.011484830418654,NA,"4683",1
"BP","GO:0045005","DNA-templated DNA replication maintenance of fidelity","1/1","56/18870",0.00296767355590877,0.011484830418654,NA,"4683",1
"BP","GO:0002381","immunoglobulin production involved in immunoglobulin-mediated immune response","1/1","60/18870",0.00317965023847366,0.011484830418654,NA,"4683",1
"BP","GO:0016447","somatic recombination of immunoglobulin gene segments","1/1","63/18870",0.00333863275039747,0.011484830418654,NA,"4683",1
"BP","GO:0010972","negative regulation of G2/M transition of mitotic cell cycle","1/1","67/18870",0.00355060943296226,0.011484830418654,NA,"4683",1
"BP","GO:0016445","somatic diversification of immunoglobulins","1/1","68/18870",0.00360360360360346,0.011484830418654,NA,"4683",1
"BP","GO:0035825","homologous recombination","1/1","68/18870",0.00360360360360346,0.011484830418654,NA,"4683",1
"BP","GO:0032206","positive regulation of telomere maintenance","1/1","70/18870",0.00370959194488596,0.011484830418654,NA,"4683",1
"BP","GO:1902750","negative regulation of cell cycle G2/M phase transition","1/1","70/18870",0.00370959194488596,0.011484830418654,NA,"4683",1
"BP","GO:0002562","somatic diversification of immune receptors via germline recombination within a single locus","1/1","72/18870",0.00381558028616824,0.011484830418654,NA,"4683",1
"BP","GO:0016444","somatic cell DNA recombination","1/1","72/18870",0.00381558028616824,0.011484830418654,NA,"4683",1
"BP","GO:0030330","DNA damage response, signal transduction by p53 class mediator","1/1","73/18870",0.00386857445680977,0.011484830418654,NA,"4683",1
"BP","GO:0002200","somatic diversification of immune receptors","1/1","78/18870",0.00413354531001575,0.0115262321144671,NA,"4683",1
"BP","GO:0032508","DNA duplex unwinding","1/1","79/18870",0.00418653948065706,0.0115262321144671,NA,"4683",1
"BP","GO:0007405","neuroblast proliferation","1/1","81/18870",0.00429252782193934,0.0115262321144671,NA,"4683",1
"BP","GO:0044773","mitotic DNA damage checkpoint signaling","1/1","83/18870",0.00439851616322195,0.0115262321144671,NA,"4683",1
"BP","GO:0032392","DNA geometric change","1/1","85/18870",0.00450450450450446,0.0115262321144671,NA,"4683",1
"BP","GO:0044774","mitotic DNA integrity checkpoint signaling","1/1","87/18870",0.00461049284578685,0.0115262321144671,NA,"4683",1
"BP","GO:0002312","B cell activation involved in immune response","1/1","90/18870",0.00476947535771055,0.0115423888738092,NA,"4683",1
"BP","GO:0071103","DNA conformation change","1/1","92/18870",0.00487546369899305,0.0115423888738092,NA,"4683",1
"BP","GO:2001251","negative regulation of chromosome organization","1/1","94/18870",0.00498145204027556,0.0115423888738092,NA,"4683",1
"BP","GO:0010389","regulation of G2/M transition of mitotic cell cycle","1/1","104/18870",0.00551139374668785,0.0121763350217522,NA,"4683",1
"BP","GO:0032204","regulation of telomere maintenance","1/1","104/18870",0.00551139374668785,0.0121763350217522,NA,"4683",1
"BP","GO:2001252","positive regulation of chromosome organization","1/1","109/18870",0.00577636459989406,0.0124716962952258,NA,"4683",1
"BP","GO:0001824","blastocyst development","1/1","116/18870",0.00614732379438243,0.0126955600101376,NA,"4683",1
"BP","GO:1902749","regulation of cell cycle G2/M phase transition","1/1","116/18870",0.00614732379438243,0.0126955600101376,NA,"4683",1
"BP","GO:0006275","regulation of DNA replication","1/1","124/18870",0.00657127715951233,0.0132154213036565,NA,"4683",1
"BP","GO:0000077","DNA damage checkpoint signaling","1/1","126/18870",0.00667726550079484,0.0132154213036565,NA,"4683",1
"BP","GO:0031570","DNA integrity checkpoint signaling","1/1","135/18870",0.00715421303656594,0.0138704130300768,NA,"4683",1
"BP","GO:0000086","G2/M transition of mitotic cell cycle","1/1","140/18870",0.00741918388977214,0.0140174776852977,NA,"4683",1
"BP","GO:0007093","mitotic cell cycle checkpoint signaling","1/1","142/18870",0.00752517223105453,0.0140174776852977,NA,"4683",1
"BP","GO:0051053","negative regulation of DNA metabolic process","1/1","146/18870",0.00773714891361943,0.0141351758998816,NA,"4683",1
"BP","GO:0044839","cell cycle G2/M phase transition","1/1","155/18870",0.00821409644939042,0.0145439557204262,NA,"4683",1
"BP","GO:0000723","telomere maintenance","1/1","156/18870",0.00826709062003173,0.0145439557204262,NA,"4683",1
"BP","GO:0006261","DNA-templated DNA replication","1/1","161/18870",0.00853206147323771,0.0146538345067755,NA,"4683",1
"BP","GO:0050905","neuromuscular process","1/1","163/18870",0.00863804981452032,0.0146538345067755,NA,"4683",1
"BP","GO:0061351","neural precursor cell proliferation","1/1","166/18870",0.00879703232644413,0.0146617205440736,NA,"4683",1
"BP","GO:0000724","double-strand break repair via homologous recombination","1/1","175/18870",0.0092739798622149,0.0149326794391596,NA,"4683",1
"BP","GO:0072331","signal transduction by p53 class mediator","1/1","175/18870",0.0092739798622149,0.0149326794391596,NA,"4683",1
"BP","GO:0000725","recombinational repair","1/1","179/18870",0.00948595654477991,0.0149530566563047,NA,"4683",1
"BP","GO:0032200","telomere organization","1/1","187/18870",0.00990990990990992,0.0149530566563047,NA,"4683",1
"BP","GO:0042770","signal transduction in response to DNA damage","1/1","189/18870",0.0100158982511921,0.0149530566563047,NA,"4683",1
"BP","GO:0000075","cell cycle checkpoint signaling","1/1","192/18870",0.0101748807631159,0.0149530566563047,NA,"4683",1
"BP","GO:0002377","immunoglobulin production","1/1","196/18870",0.0103868574456808,0.0149530566563047,NA,"4683",1
"BP","GO:1901991","negative regulation of mitotic cell cycle phase transition","1/1","196/18870",0.0103868574456808,0.0149530566563047,NA,"4683",1
"BP","GO:0002520","immune system development","1/1","199/18870",0.0105458399576044,0.0149530566563047,NA,"4683",1
"BP","GO:0046777","protein autophosphorylation","1/1","199/18870",0.0105458399576044,0.0149530566563047,NA,"4683",1
"BP","GO:0016064","immunoglobulin mediated immune response","1/1","205/18870",0.0108638049814518,0.0151763016213142,NA,"4683",1
"BP","GO:0019724","B cell mediated immunity","1/1","208/18870",0.0110227874933756,0.0151763016213142,NA,"4683",1
"BP","GO:0002285","lymphocyte activation involved in immune response","1/1","213/18870",0.0112877583465818,0.0153191006132182,NA,"4683",1
"BP","GO:0033044","regulation of chromosome organization","1/1","247/18870",0.0130895601483837,0.0173408702820466,NA,"4683",1
"BP","GO:0045930","negative regulation of mitotic cell cycle","1/1","248/18870",0.0131425543190248,0.0173408702820466,NA,"4683",1
"BP","GO:1901988","negative regulation of cell cycle phase transition","1/1","277/18870",0.0146793852676206,0.0186610139551313,NA,"4683",1
"BP","GO:0006260","DNA replication","1/1","278/18870",0.0147323794382616,0.0186610139551313,NA,"4683",1
"BP","GO:0042113","B cell activation","1/1","278/18870",0.0147323794382616,0.0186610139551313,NA,"4683",1
"BP","GO:0051321","meiotic cell cycle","1/1","287/18870",0.0152093269740328,0.019011658717541,NA,"4683",1
"BP","GO:0051054","positive regulation of DNA metabolic process","1/1","298/18870",0.0157922628510863,0.0193196873343931,NA,"4683",1
"BP","GO:0002366","leukocyte activation involved in immune response","1/1","301/18870",0.0159512453630098,0.0193196873343931,NA,"4683",1
"BP","GO:0002263","cell activation involved in immune response","1/1","305/18870",0.016163222045575,0.0193196873343931,NA,"4683",1
"BP","GO:0006302","double-strand break repair","1/1","307/18870",0.0162692103868574,0.0193196873343931,NA,"4683",1
"BP","GO:0002440","production of molecular mediator of immune response","1/1","314/18870",0.0166401695813458,0.0194099131023295,NA,"4683",1
"BP","GO:0097193","intrinsic apoptotic signaling pathway","1/1","319/18870",0.016905140434552,0.0194099131023295,NA,"4683",1
"BP","GO:0010948","negative regulation of cell cycle process","1/1","320/18870",0.0169581346051931,0.0194099131023295,NA,"4683",1
"BP","GO:0033674","positive regulation of kinase activity","1/1","337/18870",0.0178590355060942,0.0201377848436671,NA,"4683",1
"BP","GO:0006310","DNA recombination","1/1","340/18870",0.0180180180180179,0.0201377848436671,NA,"4683",1
"BP","GO:1901990","regulation of mitotic cell cycle phase transition","1/1","355/18870",0.0188129305776362,0.0207817256380865,NA,"4683",1
"BP","GO:0010639","negative regulation of organelle organization","1/1","363/18870",0.019236883942766,0.0210057928110663,NA,"4683",1
"BP","GO:0002449","lymphocyte mediated immunity","1/1","368/18870",0.0195018547959723,0.0210531387001974,NA,"4683",1
"BP","GO:0002460","adaptive immune response based on somatic recombination of immune receptors built from immunoglobulin superfamily domains","1/1","380/18870",0.0201377848436672,0.021495388316274,NA,"4683",1
"BP","GO:0001701","in utero embryonic development","1/1","392/18870",0.0207737148913618,0.0219278101631041,NA,"4683",1
"BP","GO:0045786","negative regulation of cell cycle","1/1","407/18870",0.0215686274509802,0.022516698987287,NA,"4683",1
"BP","GO:0051347","positive regulation of transferase activity","1/1","414/18870",0.0219395866454691,0.0226550079491257,NA,"4683",1
"BP","GO:1901987","regulation of cell cycle phase transition","1/1","456/18870",0.0241653418124006,0.0246850265825597,NA,"4683",1
"BP","GO:0002443","leukocyte mediated immunity","1/1","466/18870",0.0246952835188129,0.0249072602013778,NA,"4683",1
"BP","GO:0044772","mitotic cell cycle phase transition","1/1","470/18870",0.0249072602013778,0.0249072602013778,NA,"4683",1
"CC","GO:0042405","nuclear inclusion body","1/1","12/19886",0.00060343960575282,0.00482751684602256,NA,"4683",1
"CC","GO:0005657","replication fork","1/1","67/19886",0.00336920446545308,0.00784471487478644,NA,"4683",1
"CC","GO:0016234","inclusion body","1/1","71/19886",0.00357035100070402,0.00784471487478644,NA,"4683",1
"CC","GO:0035861","site of double-strand break","1/1","85/19886",0.0042743638740822,0.00784471487478644,NA,"4683",1
"CC","GO:0016605","PML body","1/1","109/19886",0.00548124308558773,0.00784471487478644,NA,"4683",1
"CC","GO:0090734","site of DNA damage","1/1","117/19886",0.00588353615608983,0.00784471487478644,NA,"4683",1
"CC","GO:0000781","chromosome, telomeric region","1/1","171/19886",0.00859901438197741,0.00982744500797418,NA,"4683",1
"CC","GO:0098687","chromosomal region","1/1","399/19886",0.0200643668912803,0.0200643668912803,NA,"4683",1
"MF","GO:0003684","damaged DNA binding","1/1","71/18496",0.00383866782006914,0.00767733564013828,NA,"4683",1
"MF","GO:0140297","DNA-binding transcription factor binding","1/1","477/18496",0.0257893598615918,0.0257893598615918,NA,"4683",1
