"ONTOLOGY","ID","Description","GeneRatio","BgRatio","pvalue","p.adjust","qvalue","geneID","Count"
"BP","GO:0048149","behavioral response to ethanol","1/1","10/18870",0.000529941706412296,0.00897481922149721,NA,"1815",1
"BP","GO:0034776","response to histamine","1/1","11/18870",0.000582935877053381,0.00897481922149721,NA,"1815",1
"BP","GO:0051583","dopamine uptake involved in synaptic transmission","1/1","12/18870",0.000635930047694577,0.00897481922149721,NA,"1815",1
"BP","GO:0051934","catecholamine uptake involved in synaptic transmission","1/1","12/18870",0.000635930047694577,0.00897481922149721,NA,"1815",1
"BP","GO:0048148","behavioral response to cocaine","1/1","14/18870",0.000741918388977081,0.00897481922149721,NA,"1815",1
"BP","GO:1901386","negative regulation of voltage-gated calcium channel activity","1/1","15/18870",0.000794912559618388,0.00897481922149721,NA,"1815",1
"BP","GO:2000651","positive regulation of sodium ion transmembrane transporter activity","1/1","15/18870",0.000794912559618388,0.00897481922149721,NA,"1815",1
"BP","GO:0099149","regulation of postsynaptic neurotransmitter receptor internalization","1/1","16/18870",0.000847906730259584,0.00897481922149721,NA,"1815",1
"BP","GO:0010155","regulation of proton transport","1/1","17/18870",0.000900900900900892,0.00897481922149721,NA,"1815",1
"BP","GO:0060080","inhibitory postsynaptic potential","1/1","17/18870",0.000900900900900892,0.00897481922149721,NA,"1815",1
"BP","GO:0090494","dopamine uptake","1/1","17/18870",0.000900900900900892,0.00897481922149721,NA,"1815",1
"BP","GO:0090493","catecholamine uptake","1/1","18/18870",0.000953895071542199,0.00897481922149721,NA,"1815",1
"BP","GO:0042053","regulation of dopamine metabolic process","1/1","19/18870",0.0010068892421834,0.00897481922149721,NA,"1815",1
"BP","GO:0051580","regulation of neurotransmitter uptake","1/1","19/18870",0.0010068892421834,0.00897481922149721,NA,"1815",1
"BP","GO:1902307","positive regulation of sodium ion transmembrane transport","1/1","19/18870",0.0010068892421834,0.00897481922149721,NA,"1815",1
"BP","GO:0042069","regulation of catecholamine metabolic process","1/1","20/18870",0.00105988341282448,0.00897481922149721,NA,"1815",1
"BP","GO:0051590","positive regulation of neurotransmitter transport","1/1","23/18870",0.00121886592474818,0.00897481922149721,NA,"1815",1
"BP","GO:0098664","G protein-coupled serotonin receptor signaling pathway","1/1","23/18870",0.00121886592474818,0.00897481922149721,NA,"1815",1
"BP","GO:0098884","postsynaptic neurotransmitter receptor internalization","1/1","24/18870",0.00127186009538938,0.00897481922149721,NA,"1815",1
"BP","GO:0140239","postsynaptic endocytosis","1/1","24/18870",0.00127186009538938,0.00897481922149721,NA,"1815",1
"BP","GO:0001963","synaptic transmission, dopaminergic","1/1","28/18870",0.00148383677795438,0.00897481922149721,NA,"1815",1
"BP","GO:0007210","serotonin receptor signaling pathway","1/1","28/18870",0.00148383677795438,0.00897481922149721,NA,"1815",1
"BP","GO:0001975","response to amphetamine","1/1","31/18870",0.00164281928987797,0.00897481922149721,NA,"1815",1
"BP","GO:0050482","arachidonic acid secretion","1/1","31/18870",0.00164281928987797,0.00897481922149721,NA,"1815",1
"BP","GO:0099590","neurotransmitter receptor internalization","1/1","31/18870",0.00164281928987797,0.00897481922149721,NA,"1815",1
"BP","GO:1903963","arachidonate transport","1/1","31/18870",0.00164281928987797,0.00897481922149721,NA,"1815",1
"BP","GO:0010765","positive regulation of sodium ion transport","1/1","32/18870",0.00169581346051906,0.00897481922149721,NA,"1815",1
"BP","GO:1901020","negative regulation of calcium ion transmembrane transporter activity","1/1","32/18870",0.00169581346051906,0.00897481922149721,NA,"1815",1
"BP","GO:0033238","regulation of amine metabolic process","1/1","33/18870",0.00174880763116037,0.00897481922149721,NA,"1815",1
"BP","GO:0098810","neurotransmitter reuptake","1/1","35/18870",0.00185479597244276,0.00897481922149721,NA,"1815",1
"BP","GO:1901385","regulation of voltage-gated calcium channel activity","1/1","35/18870",0.00185479597244276,0.00897481922149721,NA,"1815",1
"BP","GO:0007212","dopamine receptor signaling pathway","1/1","38/18870",0.00201377848436657,0.0090330972683914,NA,"1815",1
"BP","GO:0001662","behavioral fear response","1/1","39/18870",0.00206677265500788,0.0090330972683914,NA,"1815",1
"BP","GO:0002209","behavioral defense response","1/1","40/18870",0.00211976682564918,0.0090330972683914,NA,"1815",1
"BP","GO:0042417","dopamine metabolic process","1/1","41/18870",0.00217276099629038,0.0090330972683914,NA,"1815",1
"BP","GO:0051954","positive regulation of amine transport","1/1","41/18870",0.00217276099629038,0.0090330972683914,NA,"1815",1
"BP","GO:0001504","neurotransmitter uptake","1/1","45/18870",0.00238473767885516,0.0090330972683914,NA,"1815",1
"BP","GO:0042596","fear response","1/1","45/18870",0.00238473767885516,0.0090330972683914,NA,"1815",1
"BP","GO:0032309","icosanoid secretion","1/1","46/18870",0.00243773184949647,0.0090330972683914,NA,"1815",1
"BP","GO:0014075","response to amine","1/1","47/18870",0.00249072602013778,0.0090330972683914,NA,"1815",1
"BP","GO:0042220","response to cocaine","1/1","49/18870",0.00259671436142006,0.0090330972683914,NA,"1815",1
"BP","GO:1903170","negative regulation of calcium ion transmembrane transport","1/1","49/18870",0.00259671436142006,0.0090330972683914,NA,"1815",1
"BP","GO:2001258","negative regulation of cation channel activity","1/1","49/18870",0.00259671436142006,0.0090330972683914,NA,"1815",1
"BP","GO:2000649","regulation of sodium ion transmembrane transporter activity","1/1","50/18870",0.00264970853206148,0.0090330972683914,NA,"1815",1
"BP","GO:0035176","social behavior","1/1","52/18870",0.00275569687334376,0.00906200317965022,NA,"1815",1
"BP","GO:0051703","biological process involved in intraspecies interaction between organisms","1/1","54/18870",0.00286168521462626,0.00906200317965022,NA,"1815",1
"BP","GO:0015872","dopamine transport","1/1","55/18870",0.00291467938526746,0.00906200317965022,NA,"1815",1
"BP","GO:0007187","G protein-coupled receptor signaling pathway, coupled to cyclic nucleotide second messenger","1/1","56/18870",0.00296767355590877,0.00906200317965022,NA,"1815",1
"BP","GO:0006584","catecholamine metabolic process","1/1","57/18870",0.00302066772655007,0.00906200317965022,NA,"1815",1
"BP","GO:0009712","catechol-containing compound metabolic process","1/1","57/18870",0.00302066772655007,0.00906200317965022,NA,"1815",1
"BP","GO:1902305","regulation of sodium ion transmembrane transport","1/1","60/18870",0.00317965023847366,0.00935191246609901,NA,"1815",1
"BP","GO:0002090","regulation of receptor internalization","1/1","63/18870",0.00333863275039747,0.00944896061433247,NA,"1815",1
"BP","GO:0071715","icosanoid transport","1/1","63/18870",0.00333863275039747,0.00944896061433247,NA,"1815",1
"BP","GO:0015909","long-chain fatty acid transport","1/1","67/18870",0.00355060943296226,0.00981373530393099,NA,"1815",1
"BP","GO:0051926","negative regulation of calcium ion transport","1/1","68/18870",0.00360360360360346,0.00981373530393099,NA,"1815",1
"BP","GO:0032413","negative regulation of ion transmembrane transporter activity","1/1","73/18870",0.00386857445680977,0.00981373530393099,NA,"1815",1
"BP","GO:1903351","cellular response to dopamine","1/1","73/18870",0.00386857445680977,0.00981373530393099,NA,"1815",1
"BP","GO:0050709","negative regulation of protein secretion","1/1","74/18870",0.00392156862745086,0.00981373530393099,NA,"1815",1
"BP","GO:1903350","response to dopamine","1/1","74/18870",0.00392156862745086,0.00981373530393099,NA,"1815",1
"BP","GO:0051937","catecholamine transport","1/1","76/18870",0.00402755696873325,0.00981373530393099,NA,"1815",1
"BP","GO:0007193","adenylate cyclase-inhibiting G protein-coupled receptor signaling pathway","1/1","80/18870",0.00423953365129814,0.00981373530393099,NA,"1815",1
"BP","GO:0008344","adult locomotory behavior","1/1","81/18870",0.00429252782193934,0.00981373530393099,NA,"1815",1
"BP","GO:1901019","regulation of calcium ion transmembrane transporter activity","1/1","81/18870",0.00429252782193934,0.00981373530393099,NA,"1815",1
"BP","GO:0002028","regulation of sodium ion transport","1/1","85/18870",0.00450450450450446,0.00981373530393099,NA,"1815",1
"BP","GO:0032414","positive regulation of ion transmembrane transporter activity","1/1","85/18870",0.00450450450450446,0.00981373530393099,NA,"1815",1
"BP","GO:0071868","cellular response to monoamine stimulus","1/1","87/18870",0.00461049284578685,0.00981373530393099,NA,"1815",1
"BP","GO:0071870","cellular response to catecholamine stimulus","1/1","87/18870",0.00461049284578685,0.00981373530393099,NA,"1815",1
"BP","GO:0043406","positive regulation of MAP kinase activity","1/1","88/18870",0.00466348701642816,0.00981373530393099,NA,"1815",1
"BP","GO:0099072","regulation of postsynaptic membrane neurotransmitter receptor levels","1/1","88/18870",0.00466348701642816,0.00981373530393099,NA,"1815",1
"BP","GO:0015844","monoamine transport","1/1","89/18870",0.00471648118706924,0.00981373530393099,NA,"1815",1
"BP","GO:0071867","response to monoamine","1/1","90/18870",0.00476947535771055,0.00981373530393099,NA,"1815",1
"BP","GO:0071869","response to catecholamine","1/1","90/18870",0.00476947535771055,0.00981373530393099,NA,"1815",1
"BP","GO:0033555","multicellular organismal response to stress","1/1","91/18870",0.00482246952835175,0.00981373530393099,NA,"1815",1
"BP","GO:1904063","negative regulation of cation transmembrane transport","1/1","92/18870",0.00487546369899305,0.00981373530393099,NA,"1815",1
"BP","GO:0043279","response to alkaloid","1/1","93/18870",0.00492845786963425,0.00981373530393099,NA,"1815",1
"BP","GO:0032411","positive regulation of transporter activity","1/1","94/18870",0.00498145204027556,0.00981373530393099,NA,"1815",1
"BP","GO:0051952","regulation of amine transport","1/1","97/18870",0.00514043455219937,0.00981373530393099,NA,"1815",1
"BP","GO:0032410","negative regulation of transporter activity","1/1","98/18870",0.00519342872284034,0.00981373530393099,NA,"1815",1
"BP","GO:0006576","biogenic amine metabolic process","1/1","99/18870",0.00524642289348165,0.00981373530393099,NA,"1815",1
"BP","GO:0051588","regulation of neurotransmitter transport","1/1","99/18870",0.00524642289348165,0.00981373530393099,NA,"1815",1
"BP","GO:0034766","negative regulation of monoatomic ion transmembrane transport","1/1","100/18870",0.00529941706412274,0.00981373530393099,NA,"1815",1
"BP","GO:0015837","amine transport","1/1","108/18870",0.00572337042925264,0.0104695800535109,NA,"1815",1
"BP","GO:0018958","phenol-containing compound metabolic process","1/1","114/18870",0.00604133545310004,0.0105988341282456,NA,"1815",1
"BP","GO:0042752","regulation of circadian rhythm","1/1","114/18870",0.00604133545310004,0.0105988341282456,NA,"1815",1
"BP","GO:0048259","regulation of receptor-mediated endocytosis","1/1","115/18870",0.00609432962374135,0.0105988341282456,NA,"1815",1
"BP","GO:0099565","chemical synaptic transmission, postsynaptic","1/1","115/18870",0.00609432962374135,0.0105988341282456,NA,"1815",1
"BP","GO:0015908","fatty acid transport","1/1","116/18870",0.00614732379438243,0.0105988341282456,NA,"1815",1
"BP","GO:0009308","amine metabolic process","1/1","119/18870",0.00630630630630624,0.0107493857493856,NA,"1815",1
"BP","GO:0045471","response to ethanol","1/1","121/18870",0.00641229464758863,0.0108072381700932,NA,"1815",1
"BP","GO:2001257","regulation of cation channel activity","1/1","123/18870",0.00651828298887103,0.0108638049814517,NA,"1815",1
"BP","GO:0031623","receptor internalization","1/1","128/18870",0.00678325384207734,0.0111460565424757,NA,"1815",1
"BP","GO:0051224","negative regulation of protein transport","1/1","129/18870",0.00683624801271843,0.0111460565424757,NA,"1815",1
"BP","GO:0043271","negative regulation of monoatomic ion transport","1/1","133/18870",0.00704822469528343,0.0112471670669416,NA,"1815",1
"BP","GO:1904950","negative regulation of establishment of protein localization","1/1","133/18870",0.00704822469528343,0.0112471670669416,NA,"1815",1
"BP","GO:0071902","positive regulation of protein serine/threonine kinase activity","1/1","140/18870",0.00741918388977214,0.0116368642748266,NA,"1815",1
"BP","GO:1904064","positive regulation of cation transmembrane transport","1/1","141/18870",0.00747217806041323,0.0116368642748266,NA,"1815",1
"BP","GO:0043405","regulation of MAP kinase activity","1/1","142/18870",0.00752517223105453,0.0116368642748266,NA,"1815",1
"BP","GO:0034763","negative regulation of transmembrane transport","1/1","144/18870",0.0076311605723367,0.0116426587014823,NA,"1815",1
"BP","GO:0030534","adult behavior","1/1","145/18870",0.00768415474297834,0.0116426587014823,NA,"1815",1
"BP","GO:0060078","regulation of postsynaptic membrane potential","1/1","148/18870",0.00784313725490193,0.0117647058823529,NA,"1815",1
"BP","GO:1903531","negative regulation of secretion by cell","1/1","152/18870",0.00805511393746661,0.011963040501188,NA,"1815",1
"BP","GO:0034767","positive regulation of monoatomic ion transmembrane transport","1/1","158/18870",0.00837307896131401,0.0123133514136971,NA,"1815",1
"BP","GO:1902600","proton transmembrane transport","1/1","160/18870",0.00847906730259684,0.0123481562659177,NA,"1815",1
"BP","GO:0051048","negative regulation of secretion","1/1","172/18870",0.00911499735029131,0.0131466307936894,NA,"1815",1
"BP","GO:1903169","regulation of calcium ion transmembrane transport","1/1","174/18870",0.00922098569157392,0.0131728367022485,NA,"1815",1
"BP","GO:0015718","monocarboxylic acid transport","1/1","179/18870",0.00948595654477991,0.013372360816011,NA,"1815",1
"BP","GO:0035725","sodium ion transmembrane transport","1/1","180/18870",0.00953895071542121,0.013372360816011,NA,"1815",1
"BP","GO:0001505","regulation of neurotransmitter levels","1/1","188/18870",0.00996290408055112,0.013710418459474,NA,"1815",1
"BP","GO:0031503","protein-containing complex localization","1/1","188/18870",0.00996290408055112,0.013710418459474,NA,"1815",1
"BP","GO:0007626","locomotory behavior","1/1","201/18870",0.0106518282988872,0.0145252204075735,NA,"1815",1
"BP","GO:0007623","circadian rhythm","1/1","204/18870",0.0108108108108108,0.014609203798393,NA,"1815",1
"BP","GO:0006836","neurotransmitter transport","1/1","207/18870",0.0109697933227345,0.0146916874858051,NA,"1815",1
"BP","GO:0043270","positive regulation of monoatomic ion transport","1/1","214/18870",0.0113407525172231,0.0150540962618006,NA,"1815",1
"BP","GO:0034764","positive regulation of transmembrane transport","1/1","217/18870",0.0114997350291466,0.0150687772171148,NA,"1815",1
"BP","GO:1903828","negative regulation of protein localization","1/1","218/18870",0.011552729199788,0.0150687772171148,NA,"1815",1
"BP","GO:0099003","vesicle-mediated transport in synapse","1/1","220/18870",0.0116587175410705,0.0150759278548326,NA,"1815",1
"BP","GO:0032412","regulation of monoatomic ion transmembrane transporter activity","1/1","231/18870",0.0122416534181241,0.0156944274591335,NA,"1815",1
"BP","GO:0022898","regulation of transmembrane transporter activity","1/1","239/18870",0.0126656067832537,0.0161003476058309,NA,"1815",1
"BP","GO:0006814","sodium ion transport","1/1","248/18870",0.0131425543190248,0.016428192898781,NA,"1815",1
"BP","GO:0007188","adenylate cyclase-modulating G protein-coupled receptor signaling pathway","1/1","248/18870",0.0131425543190248,0.016428192898781,NA,"1815",1
"BP","GO:0051924","regulation of calcium ion transport","1/1","251/18870",0.0133015368309486,0.0164895084681181,NA,"1815",1
"BP","GO:0097305","response to alcohol","1/1","254/18870",0.0134605193428723,0.0165498188641872,NA,"1815",1
"BP","GO:0006898","receptor-mediated endocytosis","1/1","258/18870",0.0136724960254371,0.0166737756407769,NA,"1815",1
"BP","GO:0050708","regulation of protein secretion","1/1","266/18870",0.014096449390567,0.0170521565208472,NA,"1815",1
"BP","GO:0032409","regulation of transporter activity","1/1","271/18870",0.0143614202437731,0.0172337042925277,NA,"1815",1
"BP","GO:0045860","positive regulation of protein kinase activity","1/1","282/18870",0.0149443561208266,0.0177909001438411,NA,"1815",1
"BP","GO:0071900","regulation of protein serine/threonine kinase activity","1/1","285/18870",0.0151033386327502,0.0178385889363191,NA,"1815",1
"BP","GO:0030100","regulation of endocytosis","1/1","291/18870",0.0154213036565977,0.0180718402225754,NA,"1815",1
"BP","GO:0048511","rhythmic process","1/1","296/18870",0.0156862745098039,0.0182398540811673,NA,"1815",1
"BP","GO:0006874","intracellular calcium ion homeostasis","1/1","308/18870",0.0163222045574988,0.0186895472032429,NA,"1815",1
"BP","GO:0015850","organic hydroxy compound transport","1/1","308/18870",0.0163222045574988,0.0186895472032429,NA,"1815",1
"BP","GO:1904062","regulation of monoatomic cation transmembrane transport","1/1","315/18870",0.0166931637519872,0.0189695042636218,NA,"1815",1
"BP","GO:0055074","calcium ion homeostasis","1/1","331/18870",0.017541070482247,0.0197831621980229,NA,"1815",1
"BP","GO:0033674","positive regulation of kinase activity","1/1","337/18870",0.0178590355060942,0.0199914576560756,NA,"1815",1
"BP","GO:0046942","carboxylic acid transport","1/1","351/18870",0.0186009538950714,0.0204240307288824,NA,"1815",1
"BP","GO:0015849","organic acid transport","1/1","352/18870",0.0186539480657126,0.0204240307288824,NA,"1815",1
"BP","GO:0070588","calcium ion transmembrane transport","1/1","352/18870",0.0186539480657126,0.0204240307288824,NA,"1815",1
"BP","GO:1902074","response to salt","1/1","366/18870",0.01939586645469,0.0209516238928003,NA,"1815",1
"BP","GO:0009306","protein secretion","1/1","368/18870",0.0195018547959723,0.0209516238928003,NA,"1815",1
"BP","GO:0035592","establishment of protein localization to extracellular region","1/1","369/18870",0.0195548489666136,0.0209516238928003,NA,"1815",1
"BP","GO:0071692","protein localization to extracellular region","1/1","377/18870",0.0199788023317434,0.0212540450337696,NA,"1815",1
"BP","GO:0010959","regulation of metal ion transport","1/1","398/18870",0.0210916799152094,0.0222799435724043,NA,"1815",1
"BP","GO:0051347","positive regulation of transferase activity","1/1","414/18870",0.0219395866454691,0.0230135524253173,NA,"1815",1
"BP","GO:0042391","regulation of membrane potential","1/1","440/18870",0.0233174350821408,0.0242284992486441,NA,"1815",1
"BP","GO:0015711","organic anion transport","1/1","443/18870",0.0234764175940645,0.0242284992486441,NA,"1815",1
"BP","GO:0006816","calcium ion transport","1/1","445/18870",0.0235824059353469,0.0242284992486441,NA,"1815",1
"BP","GO:0006869","lipid transport","1/1","453/18870",0.0240063593004769,0.0243844798693764,NA,"1815",1
"BP","GO:0034765","regulation of monoatomic ion transmembrane transport","1/1","454/18870",0.0240593534711181,0.0243844798693764,NA,"1815",1
"BP","GO:0051051","negative regulation of transport","1/1","469/18870",0.0248542660307367,0.0250210731853054,NA,"1815",1
"BP","GO:0043410","positive regulation of MAPK cascade","1/1","474/18870",0.0251192368839426,0.0251192368839426,NA,"1815",1
"CC","GO:0098978","glutamatergic synapse","1/1","407/19886",0.0204666599617821,0.0204666599617821,NA,"1815",1
"MF","GO:0051378","serotonin binding","1/1","11/18496",0.000594723183391044,0.00281141868512114,NA,"1815",1
"MF","GO:0043176","amine binding","1/1","12/18496",0.000648788927335553,0.00281141868512114,NA,"1815",1
"MF","GO:1901338","catecholamine binding","1/1","13/18496",0.000702854671280284,0.00281141868512114,NA,"1815",1
"MF","GO:0004993","G protein-coupled serotonin receptor activity","1/1","22/18496",0.00118944636678209,0.00350346020761298,NA,"1815",1
"MF","GO:0099589","serotonin receptor activity","1/1","27/18496",0.00145977508650541,0.00350346020761298,NA,"1815",1
"MF","GO:0008227","G protein-coupled amine receptor activity","1/1","39/18496",0.00210856401384085,0.0042171280276817,NA,"1815",1
"MF","GO:0015459","potassium channel regulator activity","1/1","48/18496",0.00259515570934254,0.00444883835887293,NA,"1815",1
"MF","GO:0098960","postsynaptic neurotransmitter receptor activity","1/1","72/18496",0.00389273356401387,0.00583910034602081,NA,"1815",1
"MF","GO:0030594","neurotransmitter receptor activity","1/1","99/18496",0.00535250865051895,0.00713667820069193,NA,"1815",1
"MF","GO:0017124","SH3 domain binding","1/1","122/18496",0.00659602076124566,0.00751513840830453,NA,"1815",1
"MF","GO:0099106","ion channel regulator activity","1/1","134/18496",0.00724480968858143,0.00751513840830453,NA,"1815",1
"MF","GO:0016247","channel regulator activity","1/1","139/18496",0.00751513840830453,0.00751513840830453,NA,"1815",1
